-- MySQL dump 10.13  Distrib 8.0.13, for Win64 (x86_64)
--
-- Host: 127.0.0.1    Database: cakephp_training
-- ------------------------------------------------------
-- Server version	5.5.5-10.1.37-MariaDB

/*!40101 SET @OLD_CHARACTER_SET_CLIENT=@@CHARACTER_SET_CLIENT */;
/*!40101 SET @OLD_CHARACTER_SET_RESULTS=@@CHARACTER_SET_RESULTS */;
/*!40101 SET @OLD_COLLATION_CONNECTION=@@COLLATION_CONNECTION */;
 SET NAMES utf8 ;
/*!40103 SET @OLD_TIME_ZONE=@@TIME_ZONE */;
/*!40103 SET TIME_ZONE='+00:00' */;
/*!40014 SET @OLD_UNIQUE_CHECKS=@@UNIQUE_CHECKS, UNIQUE_CHECKS=0 */;
/*!40014 SET @OLD_FOREIGN_KEY_CHECKS=@@FOREIGN_KEY_CHECKS, FOREIGN_KEY_CHECKS=0 */;
/*!40101 SET @OLD_SQL_MODE=@@SQL_MODE, SQL_MODE='NO_AUTO_VALUE_ON_ZERO' */;
/*!40111 SET @OLD_SQL_NOTES=@@SQL_NOTES, SQL_NOTES=0 */;

--
-- Table structure for table `books`
--

DROP TABLE IF EXISTS `books`;
/*!40101 SET @saved_cs_client     = @@character_set_client */;
 SET character_set_client = utf8mb4 ;
CREATE TABLE `books` (
  `id` int(11) NOT NULL AUTO_INCREMENT,
  `category_id` int(11) DEFAULT NULL,
  `title` varchar(100) COLLATE utf8_unicode_ci NOT NULL,
  `slug` varchar(255) COLLATE utf8_unicode_ci NOT NULL,
  `image` varchar(255) COLLATE utf8_unicode_ci DEFAULT NULL,
  `info` text COLLATE utf8_unicode_ci NOT NULL,
  `price` int(11) NOT NULL,
  `sale_price` int(11) NOT NULL,
  `pages` int(11) NOT NULL,
  `publisher` varchar(100) COLLATE utf8_unicode_ci NOT NULL,
  `publish_date` date NOT NULL,
  `link_download` varchar(255) COLLATE utf8_unicode_ci NOT NULL,
  `published` tinyint(1) DEFAULT '0',
  `created` datetime DEFAULT NULL,
  `modified` datetime DEFAULT NULL,
  `comment_count` int(11) DEFAULT '0',
  PRIMARY KEY (`id`),
  KEY `fk_categories_books` (`category_id`),
  CONSTRAINT `fk_categories_books` FOREIGN KEY (`category_id`) REFERENCES `categories` (`id`)
) ENGINE=InnoDB AUTO_INCREMENT=26 DEFAULT CHARSET=utf8 COLLATE=utf8_unicode_ci;
/*!40101 SET character_set_client = @saved_cs_client */;

--
-- Dumping data for table `books`
--

LOCK TABLES `books` WRITE;
/*!40000 ALTER TABLE `books` DISABLE KEYS */;
INSERT INTO `books` VALUES (1,2,'Tôi là số 4','toi-la-so-4','/files/van-hoc/toi-la-so-bon.jpeg','Tôi là số 4 là phần đầu tiên trong bộ sách 6 cuốn của hai nhà văn này. Nhân vật chính là anh chàng trai John Smith (hay còn gọi là số 4). John là một trong 9 thiếu niên ngoài hành tinh đổ bộ xuống trái đất để chạy trốn kẻ thù độc ác đang truy đuổi họ.\r\n\r\nTại đây, John Smith hòa nhập vào cuộc sống của người trái đất, anh liên tục thay đổi thân thế, liên tục di chuyển từ thành phố này sang thành phố khác cùng người giám hộ Henri. Anh tưởng mình đã không còn mối liên hệ nào với quá khứ nhưng tại thị trấn nhỏ Paradise, John bắt đầu vướng phải \"sự cố\" nằm ngoài dự kiến và có thể sẽ làm thay đổi số phận của anh. Đó là tiếng sét ái tình, anh đã tìm thấy tình yêu đầu đời.\r\n\r\nTuy nhiên, 3 trong số 8 thanh niên cùng hành tinh với anh đã bị giết chết một cách bí ẩn tại trái đất. Cùng lúc đó, anh phát hiện ra những khả năng mới của mình và anh dùng nó để chống lại những kẻ đang truy đuổi.\r\n\r\nTôi là số 4 được phát hành vào tháng 3-2010, tác phẩm đứng đầu danh sách những tiểu thuyết bán chạy nhất trong suốt 5 tuần theo thống kê của tờ New York Time. Cuốn tiểu thuyết này còn được dựng thành phim và vừa ra mắt khán giả Việt Nam hồi đầu tháng Ba vừa qua.',110000,90000,410,'NXB Trẻ','2011-03-16','http://files.chickenrain.com.s3.amazonaws.com/cakephpnangcao/ebookdownload/toi-la-so-4.zip',1,'2013-03-25 08:42:48','2013-03-26 08:27:26',9),(2,1,'7 thói quen của bạn trẻ thành đạt','7-thoi-quen-cua-ban-tre-thanh-dat','/files/kinh-te/7-thoi-quen-sean-covey.jpg','7 Thói Quen Của Bạn Trẻ Thành Đạt là 7 thói quen có thể khiến các bạn trẻ có thể thay đổi cả cuộc đời bởi những gì chúng ta có được trong cuộc đời đều bắt nguồn từ những thói quen. Thói quen tốt giúp bạn thành công và hạnh phúc. Thói quen xấu cản trở, phá hỏng sự phát triển của bạn! Bạn nhìn nhận và suy nghĩ như thế nào, thì bạn sẽ đạt được đúng như vậy!\r\n\r\nCuốn sách phân tích tác động lớn lao của 7 thói quen quan trọng nhất của những bạn trẻ cần có. Đó là: Có thái độ sống tích cực; Biết định hướng tương lai; Việc hôm nay không để ngày mai; Tư duy cùng thắng; Biết lắng nghe để thấu hiểu và để được thấu hiểu; Có tinh thần hợp tác; Biết rèn luyện và phát triển những kỹ năng.\r\n\r\nNghe thì có vẻ rất đơn giản nhưng đã là thói quen thì việc thay đổi nó chẳng dễ dàng chút nào. 7 Thói Quen Của Bạn Trẻ Thành Đạt không chỉ khuyên bạn mà còn cho bạn thấy bạn được gì với những thói quen tưởng như đơn giản nhưng lại có quan hệ chặt chẽ và hỗ trợ nhau này. Vấn đề cốt lõi mà cuốn sách đưa ra, không hẳn là tập những thói quen tốt để giúp ích cho cuộc sống của bạn trẻ mà còn là nỗ lực để sống tích cực hơn, biết định vị mình trong cuộc sống, biết cách tiến lên để hoàn thiện mình.\r\n\r\n©\r\n\r\nGieo suy nghĩ, gặt hành động\r\n\r\n\r\nGieo hành động, gặt thói quen\r\n\r\nGieo thói quen, gặt tính cách\r\n\r\nGieo tính cách, gặt số phận\r\n\r\nĐó là bốn câu nói mở đầu cho cuốn sách 7 Thói Quen Của Bạn Trẻ Thành Đạt.\r\n\r\nBạn đừng nghĩ cuốn sách này chỉ dành cho những bạn ttrẻ thành đạt, cuốn sách này dành cho tất cả những ai muốn trở nên thành đạt.\r\n\r\nCon người, ai cũng muốn thành đạt nhưng không phải ai cũng hành động để trở nên thành đạt, cuốn sách này sẽ giúp bạn. Mỗi người đều có những thói quen, có thói quen tích cực, nhưng cũng có thói quen tiêu cực. Những thói quen tiêu cực sẽ làm trì hoãn hành động của bạn, giữ lại mong muốn thành đạt của bạn.\r\n\r\n7 thói quen xấu thường thấy của những bạn trẻ là:\r\n\r\n1. Thụ động, có thái độ sống tiêu cực\r\n\r\n2. Lười suy nghĩ\r\n\r\n3. Nước đến chân mới nhảy\r\n\r\n4. Chỉ nghĩ đến thắng thua\r\n\r\n5. Thích nói trước rồi mới nghe\r\n\r\n6. Không hợp tác với mọi người\r\n\r\n7. Sống mòn\r\n\r\nBạn có thói quen nào trong những thói quen xấu này không, dù chỉ có 1 thói quen thôi thì bạn nên thay đổi và phải thay đổi nếu muốn thành công trong cuộc sống.\r\n\r\nĐến với 7 Thói Quen Của Bạn Trẻ Thành Đạt, bạn sẽ được học để tạo lập được 7 thói quen tốt, khắc phục những thói quen xấu. Bạn sẽ được làm quen với những khái niệm như tài khoản cá nhân, tài khoản quan hệ, những việc làm và hành động ảnh hưởng như thê nào tới tài khoản của mình.\r\n\r\nCuốn sách sẽ hướng dẫn bạn từng bước để tạo thói quen, chiến thắng bản thân, chiến thắng với cộng đồng và đổi mới bản thân.\r\n\r\nCuốn sách rất dễ hiểu, dễ thực hiện. Dưới mỗi thói quen mới được giới thiệu sẽ có hướng dẫn cụ thể để bạn thực hành.',60000,40000,312,'NXB Trẻ','2011-04-29','http://files.chickenrain.com.s3.amazonaws.com/cakephpnangcao/ebookdownload/7-thoi-quen-cua-ban-tre-thanh-dat.zip',1,'2013-03-25 08:48:07','2013-03-25 09:13:22',3),(3,4,'Hạt giống tâm hồn 1','hat-giong-tam-hon-1','/files/ki-nang-song-dep/hat-giong-tam-hon-1.jpg','Hạt Giống Tâm Hồn Tập 1 - Cho Lòng Dũng Cảm và Tình Yêu Cuộc Sống\r\n\r\n“Thân tặng tất cả những người đang trăn trở, đang vượt qua những khó khăn, thử thách tinh thần và niềm tin trong cuộc sống để đạt được ước mơ của mình”. \r\n\r\nCuộc sống chúng ta ra sao, luôn ngập tràn sợ hãi và oán hờn hay chấp nhận và vui sống để vươn lên sẽ tùy thuộc vào cách ta đối mặt với những khó khăn thử thách ta gặp trên con đường như thế nào.\r\n\r\nHai tập “ Hạt giống tâm hồn cho lòng dũng cảm và tình yêu cuộc sống” do First News thực hiện trong bộ sách Hạt giống tâm hồn này sẽ là người bạn đồng hành cùng độc giả vượt qua những khó khăn thử thách trong cuộc sống thường ngày như nỗi mất mát, nỗi đau tổn thương tinh thần, tình cảm, niềm tin, bệnh tật, những thăng trầm trên bước đường theo đuổi ước mơ của cuộc đời hay vươn lên cho cuộc sống tốt đẹp hơn.\r\n\r\nQua những sự kiện bất hạnh, những câu chuyện bình thường, những người bình dị, các câu chuyện đều nhấn mạnh đến tinh thần vượt lên, chiến thắng chứ không phải những điều lạ thường. bạn có thể bắt gặp câu chuyện của chính mình, của những người xung quanh hay của những người hoàn toàn xa lạ... để suy gẫm, chiêm nghiệm, khám phá và tìm thấy câu châm ngôn cuộc sống của mình!',24000,14000,168,'NXB Tổng hợp TP.HCM','2008-03-30','http://files.chickenrain.com.s3.amazonaws.com/cakephpnangcao/ebookdownload/hat-giong-tam-hon-1.zip',1,'2013-03-25 08:51:22','2013-03-26 08:39:50',0),(4,5,'Giận','gian','/files/ton-giao-tam-linh/gian.jpg','Khi ta giận, khi một ai đó làm cho ta giận, ta phải trở về với thân tâm và chăm sóc cơn giận của mình. Không nên nói gì hết. Không nên làm gì hết. Khi đang giận mà nói năng hay hành động thì chỉ gây thêm đổ vỡ mà thôi…Như thế là không khôn ngoan. Phải trở về dập tắt lửa trước đã…\r\n\r\n Giận là một cuốn sách hay của Thiền sư Thích Nhất Hạnh, nó mở ra cho ta những khả năng kỳ diệu, nhưng lại rất dễ thực hành để ta tự mình từng bước…thoát khỏi cơn giận và sống đẹp với xã hội quanh mình.\r\n\r\n Giận được xuất bản tại Hoa Kỳ ngày 10.9.2001, trước biến cố 11.9.2001 có một ngày. Vì thế Giận đã trở thành quyển sách bán chạy nhất Hoa Kỳ - 50.000 bản mỗi tuần - trong vòng 9 tháng… \r\n\r\nTại Hàn Quốc, quyển sách này đã bán được 1 triệu bản trong vòng 11 tháng. Rất nhiều độc giả nhờ đọc sách này mà đã điều phục được tâm mình, sử dụng ái ngữ lắng nghe để hoà giải với người thân, đem lại hạnh phúc trong gia đình và trong cộng đồng của họ.',34000,24000,252,'NXB Thanh Niên','2009-06-30','http://files.chickenrain.com.s3.amazonaws.com/cakephpnangcao/ebookdownload/gian.zip',1,'2013-03-25 08:53:22','2013-03-25 09:14:26',0),(5,3,'Sinh học - Tập 1','sinh-hoc-tap-1','/files/chuyen-nganh/sinh-hoc-tap-1.jpg','Nội dung sách gồm:\nA. Sinh học tế bào và hóa sinh\nB. Sinh lý học\nC. Di truyền và tiến hóa',65000,50000,410,'NXB Giáo dục','2006-03-25','http://files.chickenrain.com.s3.amazonaws.com/cakephpnangcao/ebookdownload/sinh-hoc-tap-1.zip',1,'2013-03-25 09:01:12','2013-03-25 09:01:12',0),(6,3,'Di truyền học','di-truyen-hoc','/files/chuyen-nganh/di-truyen-hoc.jpg','Cuốn sách trình bày những quan điểm hiện đại, một số kỹ thuật mới, nhiều thành tựu nổi bật và nhiều triển vọng của môn học. Sách được biên soạn với mục đích vừa làm giáo trình, vừa làm tài liệu tham khảo. Các kiến thức được trình bày tương đối hệ thống và toàn diện, giúp người đọc có phương pháp luận đúng về môn học để định hướng tốt cho hoạt động khoa học kỹ thuật. Sách được cập hật hoá các thông tin nhằm giúp bạn đọc nắm được các xu hướng phát triển tiêu biểu trên thế giới.\r\n',70000,50000,618,'NXB Giáo dục','2006-03-25','http://files.chickenrain.com.s3.amazonaws.com/cakephpnangcao/ebookdownload/di-truyen-hoc.zip',1,'2013-03-25 09:05:01','2013-03-25 09:05:01',0),(7,2,'Harry Potter và Hòn đá phù thủy','harry-potter-va-hon-da-phu-thuy','/files/van-hoc/harry-potter-1.jpg','Vào ngày sinh nhật lần thứ 11, Harry Potter nhận được thư gọi nhập trường phù thủy Hogwarts, do ông khổng lồ Hagrid mang tới. Hai bác cháu làm một cuộc mua sắm dụng cụ học tập. Họ phải tới nhà băng của yêu tinh nằm sâu dưới âm phủ để rút tiền.\r\n\r\n Họ đi mua gậy thần làm bằng lông chim phượng. Trên phố mua sắm của phù thủy và yêu tinh, họ ghé vào những cửa hàng kỳ lạ, gặp rất nhiều “phù thủy con” cũng đang đi mua sắm để nhập trường. Harry Potter được thấy những thứ mà người thường không bao giờ thấy…\r\n\r\nDịch giả Lý Lan viết về Harry Potter:\r\n\r\n\" Harry Potter sẽ nổi tiếng - như một huyền thoại. Tôi sẽ không ngạc nhiên nếu sau này người ta gọi ngày hôm nay là ngày Harry Potter: sử sách sẽ viết về Harry. Mọi đứa trẻ trong thế giới chúng ta rồi sẽ biết đến cái tên này!”. Lời tiên đoán của bà giáo sư phù thủy McGonagall về số phận đứa bé mồ côi khi mới một tuổi ấy, nay đã hoàn toàn trở thành sự thật: Hàng triệu trẻ em trên thế giới đọc Harry Potter, lập nhóm bạn Harry Potter, mở trang web Harry Potter. Ba năm nay Harry Potter đã thực sự cùng sống, cùng học, cùng chơi, cùng chia sẻ kinh ngiệm và cùng lớn lên với hàng triệu trẻ em thế giới.\r\n\r\n Câu chuyện bắt đầu bằng những biến cố kỳ lạ khi Harry vừa đúng mười một tuổi, được gọi là nhập học trường chuyên đào tạo phù thủy và pháp sư. Năng lực siêu phàm của Harry bộc phát, lại được học hỏi thêm nhiều pháp thuật cao cường ở nhà trường Hogwarts, Harry trải qua những cuộc thử thách và phiêu lưu kỳ lạ, phát triển dần tài năng và tính cách, vượt qua những sai lầm và khuyết điểm, đạt được những thành tích vang dội cho đội và trường của mình.\r\n\r\n Nhưng lão phù thủy Voldemort, kẻ đã giết cha mẹ Harry Potter và toan giết cả cậu bé, lại tái xuất hiện. Những thế lực hắc ám dựa hơi lão lại trỗi lên đe doạ thế giới lương thiện, hồn nhiên. Harry Potter trở thành người anh hùng nhỏ tuổi dũng cảm và tài giỏi, được những người hiền lương tin cậy, ủng hộ trong cuộc chiến vĩ đại chống lại thế lực hắc ám.Cũng như cậu bé bay Peter Pan, hay Alice ở xứ sở thần tiên, hay siêu nhân, Harry Potter giúp chúng ta mở rộng trí tưởng tượng, thỏa mãn mong muốn sáng tạo, bay nhảy hành hiệp, khẳng định những giá trị nhân bản và và bảo vệ chân lý. Harry Potter là một Tôn Ngộ Không kiểu Anh của thế giới công nghiệp hiện đại. Cũng như Ngộ Không, Harry Potter hào hiệp, khẳng khái, thông minh đến tinh quái, hiếu kỳ, hiếu học, kính thầy, yêu bạn và căm ghét thế lực hắc ám.\r\n\r\n Harry Potter được trẻ em khắp thế giới yêu mến vì nó là biểu tượng của sự lương thiện,trong sáng hồn nhiên trẻ thơ mà thế lực hắc ám khơng thể nào tiêu diệt được. Harry Potter sẽ cùng các em lớn lên, sẽ chiến thắng, nổi tiếng và vĩ đại.\"\r\n\r\nGiải thưởng\r\n\r\nTiểu thuyết này đã được dịch ra trên 50 ngôn ngữ, kể cả tiếng Việt, tiếng Latin, và tiếng Hy Lạp cổ. Riêng tại Hoa Kỳ, tiểu thuyết đã bán trên 17 triệu cuốn. Nó đã làm nổi tiếng tên tuổi của tác giả Rowling và đem lại nhiều giải thưởng, trong đó có giải Smarties và giải Sách hay nhất năm 1998 từ nhiều hội. Sự thành công của quyển này đã mở đường cho tác giả viết các tiểu thuyết khác trong bộ.\r\n\r\nVề tác giả J. K. Rowling\r\n\r\nJoanne Kathlen Rowling sinh ngày 31 tháng 7 năm 1965 tại thành phố Chepstow, Scotland, hiện cư ngụ tại thủ đô Edinburgh, Scotland. Từng là một bà mẹ độc thân sống dựa vào tiền trợ cấp xã hội khi bắt đầu viết cuốn Harry Potter và Hòn đá phù thủy, loạt truyện Harry Potter đã đoạt giải Cuốn sách thiếu nhi hay nhất trong năm của Anh Quốc. Ba cuốn Harry Potter đầu đã được in ra 35 triệu bản dịch ra 39 ngôn ngữ và xuất hiện ở 200 quốc gia ( trong đó có cả Việt Nam)',52000,42000,344,'NXB Trẻ','2010-03-26','http://files.chickenrain.com.s3.amazonaws.com/cakephpnangcao/ebookdownload/harry-potter-1.zip',1,'2013-03-25 12:16:29','2013-03-25 12:16:29',0),(8,2,'Harry Potter và phòng chứa bí mật','harry-potter-va-phong-chua-bi-mat','/files/van-hoc/harry-potter-2.jpg','“… Ông Dursley nói:\r\n\r\n“Khi nhận đứa bé về nuôi, ta đã thề sẽ làm chấm dứt hết những trò tà ma quỷ thuật, ta đã thề sẽ trụ hết tà ám ra khỏi người thằng nhỏ. Cái đồ phù thủy!”\r\n\r\nHarry kêu lên:\r\n\r\n“Nghĩa là dượng biết từ trước? Dượng đã biết trước con là… là… phù thuỷ?”\r\n\r\nBà Dursley bỗng ré lên:\r\n\r\n“Biết chứ! Tất nhiên tao biết từ trước! Mày thế nào rồi cũng giống như má mày. Hồi đó, má mày nhận được một lá thư giống như vậy, liền bỏ nhà vô cái trường quỷ đó, để rồi mỗi mùa hè lại tha về nhà cả túi đầy nòng nọc, biến mấy cái tách trà thành chuột nhắt! Tao là người duy nhất biết tỏng má mày là cái gì? - Đồ đồng bóng! Chỉ có ông bà ngoại là một điều Lily hai điều cũng Lily, lại còn tự hào là có một con mụ phù thuỷ trong nhà nữa chứ!”\r\n\r\nBà Dursley ngừng lại hớp hơi để lấy sức nói tiếp. Có vẻ như bà đã chờ đợi lâu rồi cái cơ hội này để trút ra:\r\n\r\n“Rồi má mày gặp cha mày ở cái trường quỹ đó, ra trường thì cưới nhau, rồi đẻ ra mày, và dĩ hiên tao biết mày cũng cùng một giuộc với cha mẹ mày, cũng quái dị, cũng bất bình thường. Được rồi, nếu mày muốn biết tới cùng, thì tao nói luôn cho mà biết, ba má mày cứ làm ba cái trò phù thuỷ nên đã bị nổ tung, để cho tụi ta phải lãnh cục nợ là mày.”\r\n\r\nHarry chết lặng, mặt tái dần. Khi nó bật ra được tiếng nói, nó hỏi:\r\n\r\n“Nổ tung à? Dì từng nói với con là ba má đã chết vì tai nạn xe cộ mà”.\r\n\r\n“Tai nạn xe cộ!”\r\n\r\nLão Hagrid gầm lên, giận dữ nhảy xổ tới, khiến cho ông bà Duraley lùi ngay trở vô góc tối. Lão Hagrid gầm gừ tiếp:\r\n”Làm sao mà một tai nạn xe cộ giết được ông bà Potter? Thật là đáng nổi điên lên! Một vụ xì-căn-đan chứ chẳng chơi! Hừ, đây: Harry Potter không được biết chút gì về câu chuyện của chính mình, trong khi mọi thằng nhóc trong thế giới chúng ta đều biết rành tên tuổi nó!”\r\n\r\nHarry khẩn thiết hỏi:\r\n”Nhưng mà tại sao? Chuyện gì đã xảy ra?”\r\n\r\nCơn giận dường như tắt đi trên gương mặt lão Hagrid. Bỗng nhiên trông lão có vẻ căng thẳng.\r\n\r\n“Ta không bao giờ ngờ tới điều này. Khi cụ Dumbledore nó là ta sẽ bị nhiều khó khăn mới tìm gặp được con, rằng con không biết gì hết, ta vẫn không thể nghĩ ra nông nỗi này. Harry à, ta không chắc là ta có đủ tư cách để nói cho con biết - rồi sẽ có người nào đó làm điều này – nhưng con không thể đến Hogwarts mà lại không hề biết gì về gia thế và bản thân mình”.\r\n\r\nLão quẳng một cái nhìn căm ghét vào ông bà Dursley.\r\n\r\n“Thôi được, tốt nhất là ta nói cho con biết những gì ta biết. Nhưng mà ta không thể nói cho con hết mọi thứ, đó là một bí mật ghê gớm, nhiều phần trong câu chuyện…”.',57000,47000,400,'NXB Trẻ','2010-03-26','http://files.chickenrain.com.s3.amazonaws.com/cakephpnangcao/ebookdownload/harry-potter-2.zip',1,'2013-03-25 12:20:25','2013-03-25 12:20:25',0),(9,2,'Harry Potter Và Tên Tù Nhân Ngục Azkaban ','harry-potter-va-ten-tu-nhan-nguc-azkaban','/files/van-hoc/harry-potter-3.jpg','Harry Potter 13 tuổi, năm học thứ 3 Học viện Pháp thuật và Ma thuật Hogwarts. \r\n\r\nCùng với hai bạn Hermione và Ron, Harry đã khám phá ra đựơc sự thật cái chết của ba mẹ mình. Đó cũng là năm mà những trận bóng phù thủy Quidditch diễn ra sôi nổi nhất…',64797,54000,210,'NXB Trẻ','2010-03-26','http://files.chickenrain.com.s3.amazonaws.com/cakephpnangcao/ebookdownload/harry-potter-3.zip',1,'2013-05-21 16:37:30','2013-05-21 16:37:30',0),(10,2,'Harry Potter Và Chiếc Cốc Lửa','harry-potter-va-chiec-coc-lua','/files/van-hoc/harry-potter-4.jpg','Harry Potter 14 tuổi, cùng gia đình Weasley tham dự Cúp Quidditch thế giới, nơi diễn ra một hiện tượng kỳ bí làm cho mọi người đều run sợ.\r\n\r\nRồi cậu bước vào năm thứ tư ở trường Hogwarts, với cuộc thi Tam Pháp Thuật đầy thử thách, cùng với các nhà phù thủy thiếu niên tài năng trên thế giới.',117000,94000,850,'NXB Trẻ','2010-03-26','http://files.chickenrain.com.s3.amazonaws.com/cakephpnangcao/ebookdownload/harry-potter-4.zip',1,'2013-05-22 01:06:17','2013-05-22 01:06:17',0),(11,2,'Harry Potter Và Hội Phượng Hoàng','harry-potter-va-hoi-phuong-hoang','/files/van-hoc/harry-potter-5.jpg','Harry Potter và hội Phượng hoàng (tiếng Anh: Harry Potter and the Order of the Phoenix) là quyển thứ 5 trong bộ sách Harry Potter của nhà văn J. K. Rowling. Quyển này được đồng loạt xuất bản vào ngày 21 tháng 6 năm 2003 tại Anh, Hoa Kỳ, Canada, Úc và một vài quốc gia khác. Trong ngày đầu tiên xuất bản, nó đã bán được gần 7 triệu cuốn riêng tại Hoa Kỳ và Anh. Nguyên bản tiếng Anh dài 38 chương và gồm khoảng 255.000 chữ. Bản dịch chính thức đầu tiên là tiếng Việt, được Nhà xuất bản Trẻ xuất bản từ bản dịch của nhà văn Lý Lan từ ngày 21 tháng 7 đến 15 tháng 12 năm 2003. Bản dịch được chia ra 22 tập, và được in thành sách vào tháng 9 năm 2004. Một số tập ban đầu dùng tựa Harry Potter và mệnh lệnh phượng hoàng.',155000,100000,1138,'NXB Trẻ','2010-03-26','http://files.chickenrain.com.s3.amazonaws.com/cakephpnangcao/ebookdownload/harry-potter-5.zip',1,'2013-05-22 01:09:03','2013-05-22 01:09:03',0),(12,2,'Harry Potter Và Hoàng Tử Lai','harry-potter-va-hoang-tu-lai','/files/van-hoc/harry-potter-6.jpg','Đang giữa mùa hè, nhưng có một màn sương giá trái mùa bám đầy lên những ô kính cửa sổ. Trong phòng ngủ của mình, tại nhà dượng Dursley trên đường Privet Drive, Harry Potter đang hồi hộp đợi chuyến viếng thăm của chính giáo sư Dumbledore. Lần gần nhất nó gặp thầy Hiệu trưởng là trong một cuộc đấu ác liệt mặt-đối-mặt với Chúa tể Voldemort, và Harry không thể tin nổi giáo sư Dumbledore sẽ đích thân xuất hiện tại nhà dượng Dursley chứ không phải nơi nào khác. Tại sao cụ lại tới thăm nó lúc này? Điều gì khiến cụ không thể chờ cho tới khi Harry quay lại trường Hogwarts trong vài tuần tới? Năm thứ sáu của Harry tại trường Hogwarts đã có một khởi đầu khác thường, đúng vào lúc thế giới Muggle và thế giới phù thuỷ bắt đầu đan vào nhau...',98000,70000,1089,'NXB Trẻ','2010-03-26','http://files.chickenrain.com.s3.amazonaws.com/cakephpnangcao/ebookdownload/harry-potter-6.zip',1,'2013-05-22 01:11:14','2013-05-22 01:11:14',0),(13,2,'Harry Potter Và Bảo Bối Tử Thần','harry-potter-va-bao-boi-tu-than','/files/van-hoc/harry-potter-7.jpg','Hai người đàn ông hiện ra từ cõi không, cách nhau vài thước, trên một con đường nhỏ hẹp dưới ánh trăng. Cả hai cùng đứng im phắc trong một giây, đũa phép người này chĩa vào ngực người kia; nhưng khi nhận ra nhau họ thu đũa cất vào áo choàng, bắt đầu đi về cùng một hướng. “Tin tức sao?” Người cao hơn trong hai người hỏi. “Tuyệt,” Severus Snape trả lời. \r\n\r\nCon đường nằm giữa một bụi dâu gai còi cọc mọc hoang bên trái và một hàng giậu cao được cắt tỉa chu đáo ở bên phải. Vạt áo choàng dài của hai người đàn ông bay lất phất quanh cổ chân khi họ bước đi.\r\n\r\n “Tưởng đâu tôi trễ rồi chứ,” Yaxley nói, bộ mặt thô đần của hắn lúc ẩn lúc hiện khi những cành cây cao bên trên che khuất ánh trăng. “Hơi rắc rối hơn dự kiến.\r\n\r\n Nhưng tôi hy vọng ngài sẽ hài lòng. Anh coi bộ chắc mẻm tin tức anh thu được là xịn?” Snape gật đầu, nhưng không nói gì thêm. Họ quẹo phải, tiến vào một con đường rộng dành cho xe chạy dẫn ra khỏi con đường mòn. \r\n\r\nHàng giậu cao uốn cong theo họ, và kéo dài đến tận hai cánh cổng kiểu cọ bằng sắt đồ sộ chắn đường hai người đàn ông. Không người nào dừng bước: cả hai im lặng giơ tay trái lên kiểu như chào và đi xuyên qua cổng, như thể mớ kim loại đen đó là khói. (Trích truyện Harry Potter và bảo bối tử thần)',120000,100000,788,'NXB Trẻ','2010-03-26','http://files.chickenrain.com.s3.amazonaws.com/cakephpnangcao/ebookdownload/harry-potter-7.zip',1,'2013-05-22 01:13:12','2013-05-22 01:13:12',0),(14,2,'Sức mạnh của số sáu','suc-manh-cua-so-sau','/files/van-hoc/suc-manh-cua-so-6.jpg','The Power of six – Sức mạnh của Số Sáu là tiểu thuyết giả tưởng của tác giả Pittacus Lore (bút danh của hai nhà văn James Frey và Jobie Hughes), và là phần thứ hai trong series 6 cuốn sách về hành tinh Lorien dành cho bạn đọc trẻ.\r\n\r\nTruyện xoay quanh những cuộc phiêu lưu tại Trái Đất của Số Bảy, Số Sáu, Số Bốn… - những Garde thuộc hành tinh Lorien phải lưu vong xuống Trái đất để chạy trốn kẻ thù độc ác, và tìm cơ hội phục hồi lại thế giới của mình. Trải qua rất nhiều hiểm nguy, các thành viên trong nhóm đã phát lộ và hoàn thiện các biệt năng; họ quyết định phá vỡ lớp hộ thân, gắn kết bên nhau để cùng chiến đấu vì mục tiêu chung.\r\n\r\nTruyện hấp dẫn, kịch tính, dành cho teen.',126000,95000,516,'NXB Trẻ','2012-03-03','http://files.chickenrain.com.s3.amazonaws.com/cakephpnangcao/ebookdownload/suc-manh-cua-so-6.zip',1,'2013-05-22 01:16:13','2013-05-22 01:16:13',0),(15,4,'Phớt lờ tất cả - Bơ đi mà sống','phot-lo-tat-ca-bo-di-ma-song','/files/ki-nang-song-dep/phot-lo-tat-ca-bo-di-ma-song.jpg','Nếu bạn đang cảm thấy chán nán hay tức tối vì những ý tưởng, những việc làm vô cùng sáng tạo, đang bị mọi người chê bai và xem thường, thì hãy đọc và làm theo Hugh Macleod, Phớt Lờ Tất Cả Và Bơ Đi Mà Sống. Quyển sách chứa đựng nguồn năng lượng tiếp thêm can đảm để đương đầu với mọi thử thách, khó khăn trước mắt, để chiến đấu tới cùng cho ước mơ. \r\n\r\n39 chìa khóa được diễn đạt theo phong cách vừa nghiêm túc, vừa hài hước như “Nên chết trẻ”, “Cách tốt nhất để được phê duyệt là không cần phê duyệt”, “Không có gì thuộc về khoa học tên lửa”, “Sức mạnh ư, chẳng ai cho đâu. Bạn phải giành lấy nó thôi”… sẽ là bản đồ chỉ hướng cho người đọc. Cuốn sách mở ra cánh cửa ánh sáng, bật tung sáng tạo, khơi mở những giới hạn chưa từng được chạm đến và thoát khỏi những suy nghĩ lề lối cũ kỹ đang làm cho trí óc héo gầy từng ngày. Với quyển sách thú vị này, không cần phải đọc hết một lượt mới có thể hiểu toàn bộ, vì mỗi chương sẽ trình bày một thông điệp hết sức rõ ràng, súc tích. Đằng sau những bức tranh biếm họa hài hước đem đến nụ cười là những bài học đáng suy ngẫm mà tác giả muốn gửi gắm. \r\n\r\nChính tác giả đã từng trải nghiệm và đã thành công. “Tôi vẫn còn nhớ rõ lúc mới bắt đầu vẽ, phản ứng chung khi tôi cho mọi người xem tác phẩm trên lưng danh thiếp toàn là gãi đầu”. Phớt Lờ Tất Cả Và Bơ Đi Mà Sống đã cho thấy rằng việc lắng nghe ý kiến mọi người xung quanh là đúng, nhưng hãy tư duy mới mẻ, thay đổi, không nên sống ràng buộc bản thân, phải hết mình với đam mê và sở thích, để quyết định tương lai.\r\n\r\n©\r\n\r\nPhớt Lờ Tất Cả Và Bơ Đi Mà Sống\r\n\r\n“Khi tôi nói ‘Bơ đi mà sống’ thì không có nghĩa là bơ tất cả mọi người, mọi lúc, và mãi mãi. Không, ý kiến phản biện của mọi người đóng vai trò vô cùng quan trọng. Đương nhiên rồi. Nói đúng hơn, trong thời gian ban đầu, ý tưởng càng tốt thì càng \"kỳ cục\" đối với người khác, kể cả những người mà bạn yêu quý và kính trọng. Vì vậy, lúc đầu sẽ có một khoảng thời gian bạn phải nỗ lực một mình, không có đến một phần mười số người ủng hộ cần có. Chuyện này hoàn toàn bình thường và bạn cần phải lường trước.”\r\n\r\nHugh Macleod là một họa sỹ truyện tranh, chuyên thiết kế quảng cáo và vẽ tranh biếm họa. Ông lập ra blog gapingvoid.com năm 2001, đưa lên cả tranh biếm họa và các bài viết của mình. Ông đã sáng tạo ra kiểu vẽ tranh biếm họa lên mặt sau tấm danh thiếp, để sẵn sàng vẽ bất cứ lúc nào, ngay khi ý tưởng vừa xuất hiện. Năm 2004, ông viết Ignore Everybody trên blog – sự kết hợp giữa tranh biếm họa và những chỉ dẫn thiết thực về những bí kíp thúc đẩy sáng tạo,  đã được người đọc tải về đến hàng triệu lượt.\r\n\r\nVới 40 phần, thực ra là 40 bài học ngắn gọn, súc tích, kết hợp với tranh biếm họa và các “châm ngôn” hài hước nhưng ý nghĩa, cuốn sách chính là câu trả lời cho các câu hỏi không ngừng đặt ra trong đầu chúng ta suốt quá trình làm việc:\r\n\r\nLàm thế nào để những ý tưởng mới xuất hiện được trong thế giới đầy hoài nghi và e sợ rủi ro này?\r\n\r\nLàm thế nào để khơi nguồn cảm hứng?\r\n\r\nLàm thế nào để xác định được ranh giới giữa những điều sẵn sàng thực hiện và những gì không?....\r\n\r\nMỗi câu hỏi đều có câu trả lời thỏa đáng. Nhưng điều này không đồng nghĩa với việc độc giả ngấu nghiến cuốn sách này xong là có thể khơi mở được ngay lập tức nguồn lực sáng tạo trong mình và tung trải nó ra ngoài thế giới.\r\n\r\nNhững bí kíp đó chỉ tiếp thêm cho bạn nguồn năng lượng để làm việc chăm chỉ hơn, sáng tạo hơn, nghiêm túc hơn. Để những bạn trẻ không ảo tưởng rằng nghệ sĩ được phép la cà ở các quán bar suốt cả ngày, mong đợi Nàng Thơ bất ngờ gõ cửa, ban cho một nguồn cảm hứng vô tận, khiến họ viết ngay ra được tác phẩm bất hủ và một bước lên đỉnh vinh quang. Mà sáng tạo là lao động chân chính, nảy sinh trong quá trình làm việc chứ không phải trong lúc ngủ mơ chờ Thần Tài gõ cửa.\r\n\r\nCuốn sách cũng có thể sẽ là câu trả lời hoặc giúp các bạn trẻ khẳng định lựa chọn của mình về việc có nên đánh đổi công việc hiện thời để theo đuổi sở thích cá nhân hay ngược lại; để không rơi vào tình cảnh lúng túng, băn khoăn giữa hai con đường đó để rồi chẳng thu được kết quả gì.',49000,35000,396,'NXB Thời Đại','2011-01-06','http://files.chickenrain.com.s3.amazonaws.com/cakephpnangcao/ebookdownload/phot-lo-tat-ca-bo-di-ma-song.zip',1,'2013-05-22 01:21:55','2013-05-22 01:58:40',0),(16,4,'Bí mật tư duy triệu phú','bi-mat-tu-duy-trieu-phu','/files/ki-nang-song-dep/bi-mat-tu-duy-trieu-phu.jpg','\"Ai cũng có một cuộc sống, ai cũng làm việc cần cù, ai cũng ước mơ được thành công, nhưng không mấy ai may mắn học được cách tư duy độc đáo và tầm nhìn của những tỷ phú lừng danh đã tiết lộ trong cuốn sách giá trị này...\" (Wall Street Journal).\r\n\r\nTrong cuốn sách này T. Harv Eker sẽ tiết lộ những bí mật tại sao một số người lại đạt được những thành công vượt bậc, được số phận ban cho cuộc sống sung túc, giàu có, trong khi một số người khác phải chật vật, vất vả mới có một cuộc sống qua ngày. Bạn bè sẽ hiểu được nguồn gốc sự thật và những yếu tố quyết định thành công, thất bại để rồi áp dụng, thay đổi cách suy nghĩ, lên kế hoạch rồi tìm ra cách làm việc, đầu tư, sử dụng nguồn tài chính của bạn theo hướng hiệu quả nhất.',68000,58000,292,'NXB Trẻ','2012-11-26','http://files.chickenrain.com.s3.amazonaws.com/cakephpnangcao/ebookdownload/bi-mat-tu-duy-trieu-phu.zip',1,'2013-05-22 01:52:28','2013-05-22 01:58:59',0),(17,1,'Người nam châm','nguoi-nam-cham','/files/ki-nang-song-dep/nguoi-nam-cham.jpg','Cuốn sách viết về cách hoạt động của Luật hấp dẫn trong cuộc sống của bạn, từ đó bạn có thể hiểu nhiều hơn về bản thân mình - thực ra bạn là ai và tại sao bạn lại ở đây. Cuốn sách này chính là chìa khóa của bạn. Nó có thể mở cánh cửa tới tương lai như bạn mong ước và đưa bạn tới con đường có nhiều niềm vui, sung túc và giàu có hơn. Khi đọc cuốn sách này, bạn sẽ thấy mình được truyền cảm hứng vì bạn nhận ra rằng bạn có thể tạo ra cuộc sống mà bạn khao khát, và bạn sẽ được trao quyền khi sử dụng những công cụ, những chiến lược và những khái niệm cơ bản được chuyển tải trong những trang sách này.\r\n\r\nNhững trích dẫn đặc sắc / Những lời nhận xét đặc biệt về sách\r\nBạn là năng lượng\r\n\r\nTinh khiết và đơn giản. Bạn được tạo ra từ những thứ giống như mặt trời, mặt trăng và những vì sao. Bạn là tập hợp của một luồng sinh khí có trí tuệ, biết đi, biết nói và tồn tại dưới dạng một cơ thể con người. Bạn được tạo nên từ những tế bào, những tế bào này lại được tạo ra từ các nguyên tử, và các nguyên tử này được tạo ra từ những hạt nhỏ hơn nguyên tử. Những hạt nhỏ hơn nguyên tử đó là gì? Xin thưa, đó chính là NĂNG LƯỢNG!\r\n\r\nVạn vật đều là năng lượng.\r\n\r\n\r\nNăng lượng không được tạo ra, cũng không thể phá hủy.\r\n\r\nTự nó đã mang tính nhân quả.\r\n\r\nNó hiện diện như nhau ở mọi lúc, mọi nơi.\r\n\r\nNăng lượng chuyển động vĩnh hằng và không bao giờ ngừng nghỉ.\r\n\r\nNó chỉ chuyển hóa từ dạng này sang dạng khác, luôn luôn như vậy.\r\n\r\nSUY NGHĨ SINH RA NĂNG LƯỢNG.\r\n\r\n  \r\n\r\nTrong vũ trụ này không có gì là thừa cả. Mỗi người có mặt trên cõi đời này vì họ cần lấp đầy một khoảng trống nào đó, và tất cả các mảnh nhỏ đều phải vừa khít với chỗ của nó trong tấm xếp hình khổng lồ của vũ trụ.\r\n\r\nDeepak Chopra\r\n\r\n \r\n\r\nBạn được kết nối\r\n\r\nBạn được kết nối với vạn vật và với tất cả mọi người. Bạn là một thể độc nhất vô nhị, một thể hoàn chỉnh, một mảnh ghép không thể thiếu trong toàn thể vũ trụ bao la này. Bạn là một trái bóng năng lượng trong một trường năng lượng rộng lớn hơn. Bạn là một phần của nguồn năng lượng lớn lao hơn; bạn là một phần của Chúa. Sự thông thái của cả vũ trụ cũng là của bạn, nếu bạn yêu cầu.\r\n\r\nHãy nghĩ tới mạng internet. Bạn không thể nhìn thấy, cũng không thể chạm vào nó, nhưng bạn biết nó có tồn tại. Nó có thực. Nó là một nguồn năng lượng vô hình kết nối tất cả chúng ta với nhau. Bạn cũng được kết nối với mọi người và mọi vật, mọi việc theo cách tương tự như vậy.\r\n\r\nĐã bao giờ bạn nhận thấy với những người bạn thường xuyên gần gũi, thỉnh thoảng bạn có thể tiếp lời họ, hoặc cả hai bạn có thể nói một câu cùng lúc hay chưa? Đó không phải là sự ngẫu nhiên, mà là sự gắn kết! Đây là ví dụ điển hình cho thấy thật ra chúng ta được kết nối với những người xung quanh mình như thế nào.\r\n\r\nTất cả chúng ta, ai cũng từng trải qua chuyện như thế này: khi chúng ta vừa mới bắt đầu nghĩ tới một người mà có thể chúng ta đã không nhìn thấy, hoặc không nói chuyện trong nhiều năm liền thì bỗng vài phút sau chuông điện thoại reo, và họ - người mà chúng ta vừa mới nghĩ tới - đang ở đầu dây bên kia. “Mình vừa mới nghĩ tới cậu xong!”, chúng ta thốt lên kinh ngạc. Thật ra chúng ta đã xuất hiện trong ý định gọi cho chúng ta của họ trước cả khi họ biến ý định đó thành hành động. Suy nghĩ của chúng ta di chuyển qua không gian và thời gian với một vận tốc đáng ngạc nhiên. Thông qua sự kết nối của mình, bạn có thể bắt được nguồn năng lượng từ suy nghĩ và ý định của họ trước khi họ bấm số, mà cũng có thể chính suy nghĩ của bạn về họ đã kích thích họ gọi cho bạn.\r\n\r\nNhờ có Luật Hấp dẫn, mỗi người trong chúng ta giống như một thỏi nam châm có sức hút lớn, hấp dẫn được nhiều hơn những gì chúng ta cảm nhận được vào một thời điểm nhất định nào đó.\r\n\r\nEsther và Jerry Hicks\r\n\r\n \r\n\r\nBạn là một thỏi nam châm\r\n\r\nBạn là một thỏi nam châm sống. Bạn hút, theo đúng nghĩa đen của từ này, người, vật, ý tưởng và các tình huống có tần số năng lượng rung động và cộng hưởng như của bạn về phía mình. Trường năng lượng của bạn thường xuyên thay đổi, nó phụ thuộc vào suy nghĩ và cảm xúc của bạn, và vũ trụ giống như một chiếc gương phản chiếu chính xác nguồn năng lượng mà bạn đã tạo ra. Suy nghĩ và cảm xúc của bạn mãnh liệt bao nhiêu thì lực hút sẽ mạnh bấy nhiêu. Quá trình này không đòi hỏi bất kì một sự nỗ lực thật sự nào; nam châm không phải “cố” hút vật - mà đơn giản, nó có đặc tính hút vật. Và bạn cũng vậy! Bạn vẫn luôn trong quá trình hút thứ gì đó vào cuộc sống của mình.\r\n\r\nBạn có nhận ra rằng cuộc sống hiện tại của bạn chính là kết quả của mọi thứ mà bạn đã từng nghĩ, từng làm, từng tin tưởng hoặc từng cảm nhận cho tới tận bây giờ hay không? Ngay lúc này, bạn có thể bắt đầu chủ động hấp dẫn, và hấp dẫn một cách trí tuệ, bất cứ thứ gì bạn khao khát trong cuộc sống này. Bằng việc sử dụng Luật Hấp dẫn, bạn có thể hấp dẫn con người, niềm vui, tiền bạc, ý tưởng, chiến lược và cả tình huống - tất cả mọi thứ bạn cần để có thể mang lại cho mình một cuộc sống như bạn mơ ước.\r\n\r\nCả con người chúng ta đều là kết quả của những gì chúng ta nghĩ.\r\n\r\nĐức Phật\r\n\r\n \r\n\r\nBạn có quyền năng \r\n\r\nBạn có quyền năng hơn nhiều so với những gì bạn vẫn nghĩ. Bạn đang tạo ra mọi thứ trong cuộc sống của chính bản thân mình. Một khi bạn hiểu thấu đáo điều này và chịu trách nhiệm về nó, bạn có thể làm bất cứ điều gì bạn đặt ra. Bạn là tác giả cuộc đời mình và bạn có thể chọn cho nó bất kì con đường nào bạn thích.\r\n\r\nBạn có khả năng thay đổi cuộc sống của bạn.\r\n\r\nBạn có khả năng kiến tạo tương lai như bạn mong ước.\r\n\r\nTài năng của bạn là vô hạn!\r\n\r\nMột khi bạn đưa ra quyết định, vũ trụ sẽ hiệp lực với bạn để biến điều đó thành hiện thực.\r\n\r\nRalph Waldo Emerson',43000,20000,216,'NXB Lao động xã hội','2010-06-20','http://files.chickenrain.com.s3.amazonaws.com/cakephpnangcao/ebookdownload/nguoi-nam-cham.zip',0,'2013-05-22 02:12:12','2013-05-22 02:14:46',0),(18,1,'Quốc Gia Khởi Nghiệp','quoc-gia-khoi-nghiep','/files/kinh-te/quoc-gia-khoi-nghiep.jpg','Câu chuyện về nền kinh tế thần kỳ của Israel\r\n\r\n“Quốc gia khởi nghiệp” là câu chuyện viết về sự phát triển thần kỳ của nền kinh tế Israel từ lúc lập quốc cho đến khi trở thành quốc gia có nền công nghệ hàng đầu thế giới. Quyển sách này có thể trả lời cho những thắc mắc làm thế nào một đất nước nhỏ bé lại có thể tồn tại giữa sự thù địch của các quốc gia lân cận, đối phó với những cuộc chiến giữ vững bờ cõi mà vẫn tạo ra sự sáng tạo vượt bậc trong các lĩnh vực công nghệ, quân sự và dân sự.\r\n\r\nVới ngòi bút sắc sảo, phong phú và tập trung những lời nhận xét thực tế từ những doanh nhân thành công hàng đầu, “Quốc gia khởi nghiệp” đã đem đến những cái nhìn mới mẻ về con người và đất nước Israel, làm sáng tỏ phần nào những thành công tưởng chừng như không tưởng của đất nước nhỏ bé này. Cá tính quyết liệt, dám thách thức và sáng tạo không ngừng của những con người Do Thái lưu vong, chạy trốn và sống sót sau những cuộc thảm sát trong Chiến tranh thế giới thứ II, không cam chịu cuộc sống nghèo khó, họ đã cùng với những người theo Chủ nghĩa Phục quốc Do Thái gầy dựng và bảo vệ đất nước Israel bằng chính sức lực của mình và khiến cả thế giới phải kinh ngạc.\r\n\r\nNgày nay, Israel là một trong những quốc gia có nền kinh tế phát triển nhất thế giới và có lĩnh vực công nghệ phát triển  không hề thua kém Thung lũng Silicon của Hoa Kỳ. “Quốc gia khởi nghiệp” được xuất bản với hy vọng sẽ đem đến cho độc giả những bài học về khởi nghiệp của một quốc gia luôn có nền kinh tế phát triển sôi động, con người thì luôn hướng đến sự cách tân và hướng đến một tương lai tươi sáng hơn.',99000,70000,403,'Đang cập nhật','2013-05-15','http://files.chickenrain.com.s3.amazonaws.com/cakephpnangcao/ebookdownload/quoc-gia-khoi-nghiep.zip',1,'2013-05-22 03:35:05','2013-05-22 03:35:05',0),(19,4,'Xách ba lô lên và đi','xach-ba-lo-len-va-di','/files/ki-nang-song-dep/xach-ba-lo-len-va-di_1.jpg','\"Bước chân của Huyền khởi đầu cho trào lưu mới trong giới trẻ Việt: Khát khao vươn ra thế giới, đi và trải nghiệm\" - Tiền Phong\r\n\r\n\"“Ta ba lô” không chỉ để thỏa mãn khát khao khám phá, trưởng thành mà còn đem hình ảnh, văn hóa Việt Nam đến với bạn bè năm châu. Nhưng không phải ai cũng có bản lĩnh để đi như Huyền\" - CAND\r\n\r\n\"Điều thú vị toát ra từ con người Huyền nằm trong sự khác biệt và dám khác biệt.\" - Yahoo! News\r\n\r\n\"Bạn ấy dường như đứng ngoài khuôn mẫu thông thường của một nhân vật quan trọng.\" - Thanh Niên\r\n\r\n\"Đã có rất nhiều nhưng cũng sẵn sàng nghĩ rằng mình chưa có gì. Đó dường như là điều đặc biệt nhất ở cô bạn 9x Huyền Chip.\" - Radio Australia\r\n\r\n \r\n\r\nTrích đoạn:\r\n\r\n1. Đi bừa đi\r\n\r\nMọi người hay hỏi tôi quyết định đi \"vòng quanh thế giới\" như thế nào. Tôi chẳng quyết định. Khi bắt đầu đi, tôi mới chỉ là một con bé 19 tuổi không một xu dính túi, nói đi \"vòng quanh thế giới\" chỉ như một đứa trẻ con 5 tuổi nói với mẹ \"lớn lên con muốn làm nhà du hành vũ trụ\". Chuyến đi dài ngày này của tôi bắt đầu từ một chuyến đi ba ngày sang Brunei. Một giây phút nông nổi đã làm thay đổi cả cuộc đời tôi từ khi đó.\r\n\r\nTháng 5 năm 2010, tôi đang ở Malaysia làm một công việc mà ai cũng nghĩ là công việc trong mơ. Quả thực, công việc, đồng nghiệp, môi trường làm việc, tất cả đều rất tốt, nhưng chỉ một vấn đề duy nhất là tôi và sếp thường bất đồng ý kiến với nhau. Một lần quá mệt mỏi, tôi quyết định đi sang Brunei chơi cho khuây khỏa. Lúc đó, ý định làm chuyến đi lâu thật lâu đã bắt đầu nhen nhóm, nhưng tôi không biết sẽ đi như thế nào. Tôi tính nếu bây giờ tôi nghỉ việc, lĩnh lương khoảng 1500$ chắc cũng đủ đi vài tháng, có máy tính rồi từ từ kiếm việc gì đó làm online. Nhưng tôi quên mất là laptop tôi đang dùng là laptop của công ty, nghỉ việc thì tôi cũng không còn máy.\r\nThế là tôi đành ngậm ngùi bỏ tiền mua một cái netbook nhỏ nhỏ, cấu hình yếu yếu nhưng đủ để viết và lướt web. Máy ảnh tôi bị mất trước đó mấy tháng nên cũng phải mua máy mới. Vèo một phát, số tiền còn lại của tôi chỉ còn khoảng 700, 800$. Tôi tặc lưỡi, thôi đi bừa, cùng lắm là lại về Malaysia. Tôi đặt vé khứ hồi vì thực sự tôi vẫn không nghĩ là mình sẽ đi được. Phòng trọ tôi cũng không trả chủ nhà mà vẫn để đồ đạc ở đấy, tin chắc chắn rằng mình sẽ quay lại Malaysia.\r\n\r\nKhi còn “la liếm” với dân công nghệ, tôi có quen Preetam Rai - nổi tiếng trong giới vì ở đâu cũng có mặt. Sinh ra ở Ấn Độ, sống và làm việc ở Singapore, Preetam đi khắp các nước châu Á tham gia đủ các thể loại hội thảo công nghệ. Anh thỉnh thoảng hay bảo tôi: \"Này, tổ chức cái gì ở Việt Nam đi để anh có cớ qua.\" Khi nghe tôi kể lể tình hình, anh tặc lưỡi: \"Đi đi, không đắt lắm đâu. Dùng CouchSurfing thì khỏi mất tiền ở khách sạn.\" CouchSurfing là trang web kết nối những người sống ở địa phương và dân du lịch ba-lô. Nếu nhà có phòng trống, ghế sofa (couch) hay bất cứ chỗ nào ngủ được, bạn có thể đăng lên CouchSurfing với tư cách host (chủ nhà). Dân du lịch ba-lô đến một thành phố nào đó không có chỗ ở thì lên CouchSurfing gửi yêu cầu cho host xin ở nhờ. Những ngày ở Malaysia buồn, tôi cũng hay tham gia mấy buổi gặp mặt CouchSurfer (từ dành chỉ những người dùng CouchSurfing). Couchsurfer là dân lang thang nên tính tình đều khá cởi mở, thân thiện, tôi thích. Nhưng tôi chưa bao giờ ở nhờ cả. Thứ nhất là vì tôi cũng không cần, thứ hai là vì tôi cũng hơi sợ. Lần này thì là cơ hội tuyệt vời để thử. Brunei là một đất nước đắt đỏ\r\nnổi tiếng. Đọc trên mạng tôi được biết cả nước chỉ có một Youth Hostel giá khoảng 10$/đêm, còn lại các khách sạn khác đều khoảng 200$. Youth Hostel thì hên xui, khách sạn thì tôi không có tiền, CouchSurfing là lựa chọn duy nhất.\r\n\r\nCouchSurfing hoạt động dựa vào mức độ tin tưởng đánh giá qua những lời giới thiệu mà người khác để lại trên profile của bạn. Lúc đó, hồ sơ tôi trống trơn vì không có lời giới thiệu nào, nhưng may mà tôi có cái blog khá tử tế, nên gửi yêu cầu ở nhờ nào cũng tương cái blog mình vào đó. Tôi gửi yêu cầu tới 3 người thì 2 người đồng ý là Phillips và Rudy. Cả 2 đều bảo tôi gửi họ thông tin chuyến bay xem họ có ra đón tôi được không. Taxi từ sân bay về Bandar Seri Begawan rất đắt, khoảng $20. Xe buýt thì khó đoán. Tôi gửi thông tin cho cả hai, định bụng ai trả lời trước thì sẽ ở cùng người đấy. Nhưng đến hôm trước khi ra sân bay tôi vẫn chẳng thấy ai trả lời. Tôi lúng túng không biết làm thế nào, nhưng quyết tâm đi rồi thì cứ phải đi chứ biết làm sao.\r\n\r\nTôi đi ra sân bay lúc 6h sáng, trời còn tối âm ỉ. Tôi không đánh thức bạn ở cùng nhà dậy mà chỉ để chìa khóa lại trên bàn. Đi ra đến cổng, bác bảo vệ đang ngái ngủ thấy tôi thì vui vẻ hẳn lên. \"Chip, đi đâu mà sớm vậy?\" \"Cháu ra sân bay đi Brunei ạ.\" \"Thích ha, thế bao giờ quay lại đây dẫn bác sang Việt Nam?\" Tự nhiên tôi không biết trả lời thế nào. Đến lúc đấy tôi mới phần nào nhận ra rằng có thể tôi sẽ không bao giờ gặp lại bác. Cổ họng tôi nghẹn cứng lại. Tôi cười cầu tài rồi đi vội ra bến metro.\r\n\r\nTàu sớm trống trơn, tôi ngồi một mình một toa mà lòng buồn xo. Tôi đi vội vã quá. Tôi quyết định đi ngày 9/5, bay ngày 13/5. 4 ngày vừa qua tôi cắm đầu vào lo đủ mọi chuyện mà không hề nghĩ đến khả năng nếu tôi thành công, tôi sẽ phải chia tay với Kuala Lumpur. Bao nhiêu người tôi yêu quý ở đây mà tôi chưa có dịp chào tạm biệt. Không biết mọi người có trách mình không nhỉ? Tôi thở dài, ngủ quên lúc nào không biết.\r\n\r\nĐến sân bay, tôi thấy mình có tin nhắn từ Phillips. Tôi nhắn tin cho Rudy bảo đừng đến đón tôi nữa rồi tắt vội điện thoại. Brunei, here I come!\r\n---\r\n\r\n2. Người Việt Nam ở Brunei\r\n\r\nHồi ở Malaysia, có một chị làm với Amway có liên lạc với tôi để phát triển thị trường sang Việt Nam. Vốn có ác cảm với bán hàng đa cấp, tôi không mặn mà cho lắm. Khi đọc blog về quyết định của tôi, chị nhiệt tình hẹn gặp. Nghĩ cũng chẳng thiệt thòi gì, tôi đồng ý. Chị kể rằng chị lấy chồng người Brunei, gia đình chị bên đấy có người giúp việc người Việt, tên là Yến. - Brunei có rất nhiều người lao động Việt Nam. Em có muốn viết bài thì gặp họ, nhiều chuyện hay ho lắm.\r\n- Hay ho thế nào hả chị?\r\n- Mới gần đây có một người lao động Việt Nam bị đột tử khi đang làm việc. Để tiết kiệm tiền vận chuyển về Việt Nam, ông chủ đề nghị cắt xác thành 3 mảnh.\r\n\r\nTôi nghe mà lạnh cả xương sống. Vậy nên, việc đầu tiên tôi làm khi đặt chân lên đất Brunei là tìm cách liên lạc chị Yến. Thực ra, việc đầu tiên sau khi đã làm một tour quanh Bandar trên chiếc xe gyp bụi bặm của Phillips. Anh thả tôi tại Gadong - trung tâm mua sắm nhộn nhịp nhất của Bandar.\r\n\r\nMới nghe tôi nói tiếng Việt, chưa kịp hỏi han gì, chị Yến đã \"ra lệnh\":\r\n- Em đang ở đâu?\r\n- Gadong ạ.\r\n- Ra chợ cá đứng đợi anh nhà chị đến đón.\r\n\r\nChị Yến với anh Dũng đến đón tôi trên chiếc xe con màu đỏ.\r\n- Anh chị bên này cũng có xe ô tô sang ghê.\r\n- Gì chứ em hỏi dân Việt Nam bên này ai mà không biết anh: người Việt Nam giàu nhất Brunei! - Anh Dũng tự hào khoe.\r\n\r\nAnh giàu nhất hay không thì tôi biết, nhưng chắc chắn anh chị là người rất \"nổi tiếng\" trong cộng đồng người Việt. Chị Yến đã từng lên báo Brunei, còn anh Dũng trong thời gian 2 năm rưỡi ở đây đã giúp đỡ không ít anh em ổn định khi mới sang.\r\n\r\nNhà anh Dũng nằm sâu trong một con hẻm. Căn nhà thực ra chỉ là vài tấm gỗ ghép lại. \"Xưởng chủ cho ở nhờ đấy,\" anh Dũng bảo. Quần áo phơi đầy lối đi, chị Yến có vẻ ngại vơ vội đống quần áo nhét vào sau tấm gỗ. Tôi nghĩ thầm, nhà \"người giàu nhất\" mà còn như thế này thì không biết anh em khác sống sao. Nghĩ trong bụng thế thôi chứ không dám hỏi vì sợ anh chị tự ái. Số tôi may, đúng hôm đấy trời mưa nên mọi người tập trung ở nhà anh Dũng nhậu nhẹt. Nói nhậu nhẹt cho oai chứ thực ra chỉ là uống trà với lạc rang. Khi tôi đến, chị Yến mới lấy ra một lon nước tăng lực mời riêng tôi. Biết anh chị coi tôi là \"khách quý\", tôi xúc động lắm.\r\n\r\nLâu không gặp người Việt, mọi người tranh nhau kể chuyện, từ những vất vả khi làm việc, bị chủ quỵt tiền, đến cả những chuyện thâm cung bí sử mà mọi người bắt tôi hứa không được kể với ai.\r\n- Em thử hình dung, bên này người thân không có, tiếng thì chẳng nói được, chủ thì nó khinh, mình phải tìm đến với nhau thôi em ơi.\r\n\r\nLúc mọi người nói từ \"khinh\", tôi cũng chưa hiểu lắm. Nhưng sau khi tự mình trải nghiệm, tôi mới thấm thía cái từ này. Tôi có gặp một chị tên là Caroline, cũng do chị làm với Amway giới thiệu. Không cần biết tôi có đang tìm việc hay không, chị thẳng thắn đề nghị:\r\n\r\n- Công ty chị đang muốn đưa khách từ Việt Nam sang, em làm cho bọn chị, lương 500 đô Brunei.\r\n\r\nTôi hoảng hồn, lương thế thì chỉ bằng 1/10 mức lương trung bình bên này.\r\n\r\n- Lương thế thấp quá, không đủ tiền sinh hoạt chị ơi.\r\n- Lao động nhập cư thì thế thôi em, so với ở Việt Nam thì chắc cũng cao chán rồi.\r\n\r\nTôi lịch sự từ chối nhưng trong lòng vô cùng ấm ức. Nhờ vào nguồn tài nguyên dầu mỏ khổng lồ, Brunei trở thành một vương quốc vô cùng giàu có với thu nhập bình quân đầu người lên tới trên 50,000 USD/năm. Người dân Brunei được nhà nước cấp nhà, giáo dục và chăm sóc sức khỏe đều miễn phí. Thu nhập cao, không ai muốn làm việc nặng nhọc. Những công việc như lái xe, phục vụ bàn, dọn dẹp nhà cửa, trồng rừng, làm vườn ... được dành hết cho người lao động nhập cư. Với dân số chỉ vỏn vẹn 400,000 ngàn người, Brunei có tới 100,000 người lao động nhập cư, chủ yếu đến từ Indonesia, Philippines, Việt Nam. Tôi không vơ đũa cả nắm, nhưng thực sự người dân ở đây nhìn chung đều coi người lao động nhập cư là \"tầng lớp dưới\", \"tầng lớp phục vụ\" cho họ, một thái độ mà khi gặp tôi, chính Stephen Ignatius, nhà báo đầu tiên của Brunei, cũng thừa nhận là có tồn tại và ông rất buồn vì điều đó.\r\n\r\nTôi thấy xót xa cho người Việt mình ở đây vô cùng. Mưu sinh nào có dễ dàng gì. Vất vả là thế, vậy mà nhiều khi còn bị quỵt tiền lương. Các công ty môi giới đưa sang đến đây là bỏ mặc, không giúp đỡ được gì. Thấp cổ bé họng, kiện cáo không được, mọi người đành ngậm bồ hòn làm ngọt. Đã trót vay mượn một đống tiền để sang đây, chẳng lẽ lại gây hấn để bị đuổi về tay không? Mặc dù còn rất nhiều chuyện tâm sự, nhưng tôi có hẹn với Caroline BonAsia lúc 9h tối nên tôi xin phép về. Anh Dũng bảo nếu tôi thực sự muốn tìm hiểu cuộc sống người Việt Nam bên này thế nào thì sáng sớm mai theo anh đi xuống rừng nơi người Việt làm việc. Biết tính người Việt hay nói một đằng làm một nẻo, tôi phải hỏi lại cho chắc chắn:\r\n\r\n- Ngày mai anh đi làm vậy có chắc là đưa em đi được không?\r\n- Được được, không phải lo. Đúng 6h sáng mai ra cổng siêu thị anh đến đón.\r\n\r\n---\r\n3. Không khóc ở Brunei\r\nKhi ra đi quyết tâm là vậy, tôi nào đâu biết mới sau đêm đầu tiên tôi đã suýt phải bật khóc.\r\n\r\nSáng hôm sau tôi háo hức dậy sớm, mượn điện thoại Phillips gọi cho anh Dũng. Tôi tin chắc thế nào anh cũng đang trên đường đến đón tôi rồi. Nào ngờ đâu, tôi tá hỏa khi anh ậm ừ nói là bận không đi được. Phillips lúc đấy cũng phải chuẩn bị đi làm, đồng nghĩa với việc tôi bị \"đá\" ra khỏi nhà.\r\n\r\n- Tối nay anh với bạn đi Rainforest Music Festival ở Miri. Em chịu khó tìm chỗ khác ở nhé.\r\n\r\nCouchSurfing là thế. Tôi có phòng trống, tôi cho bạn ở nhờ. Tôi không có thời gian cho bạn nữa, tôi đuổi bạn đi. Không trách nhiệm, không oán trách.\r\n\r\nAnh để tôi lại trước cổng một siêu thị nào đó trên đường đi làm.\r\n\r\nSáu giờ sáng, bầu trời Brunei xanh xanh ngắt, mà lòng tôi buồn buồn xắt. Tôi ngồi một mình trước cổng siêu thị vắng tanh vắng ngắt, không có nơi nào để đi, không có ai để nhờ giúp đỡ, cũng không có điện thoại để liên lạc với ai. Ba người đầu tiên tôi gặp ở Brunei: một người cho tôi leo cây, một người đá tôi ra khỏi nhà, một người đối xử với tôi như người lao động nhập cư. Tôi không khóc mà nước mắt cứ chực trào ra. Thế này mà đòi đi vòng quanh thế giới à? Mới có qua ngày đầu tiên tôi đã thảm hại thế này rồi à? Còn sớm quá chẳng thể làm được gì, tôi lấy cuốn sách mình mang theo ra đọc.\r\n\r\nTôi chẳng nhớ là lúc đấy tôi đọc gì, nhưng nó làm cho tôi phấn chấn hơn rất nhiều. \"Không thể ngồi đây ăn vạ mãi được,\" tôi tự nhủ. Tôi quyết định gạt lòng tự ái của mình sang một bên, đến cây điện thoại công cộng, gọi cho Caroline. Vì tôi không biết mình đang ở đâu, chị bảo tôi tìm cách đến siêu thị Gadong sẽ cho xe đến đón.\r\n\r\nThử thách của tôi bây giờ là làm sao tìm được đường đến siêu thị Gadong. Nói thêm một chút về Brunei. Vương quốc này chắc chắn không dành cho khách du lịch. Ai cũng có xe riêng, lái xe riêng nên không ai dùng xe buýt, taxi. Hệ thống xe buýt bên này vô cùng khó đoán, còn taxi thì cả nước chỉ có trên dưới 40 chiếc, nằm chủ yếu ở sân bay. Mà giả sử tôi có may mắn tìm được taxi thì cũng chẳng đủ tiền trả bởi giá vô cùng đắt đỏ. Tôi tìm mấy nhân viên siêu thị hỏi đường thì không ai nói được tiếng Anh. Tôi quyết tâm đi bộ rồi hỏi đường dần dần.\r\n\r\nNhưng rồi tôi nhanh chóng nhận ra mình là người duy nhất đi bộ trên đường. Người Brunei không có thói quen đi bộ, đi từ đường bên này sang bên kia cũng lái xe. Bí quá không biết làm thế nào, tôi giơ tay ra muốn dừng xe lại để hỏi đường. Lái xe đều nhìn tôi lắc đầu. Aaaaa, tôi chỉ muốn hỏi đường thôi mà, ai thèm đi nhờ xe!\r\n\r\nTrời nắng chang chang, cái ba-lô 10kg trên lưng tôi bắt đầu làm mình làm mẩy. Lưng tôi ướt sũng mồ hôi. Đi bộ được hơn một tiếng, tôi nản quá bỏ luôn ý định dừng xe thì bất chợt một chiếc xe đỗ xịch lại trước mặt. Anh chàng không nói được tiếng Anh, tôi bập bẹ duy nhất từ Gadong Gadong. Anh chàng ra dấu hiệu cho tôi lên xe đi.\r\n\r\nVới vốn tiếng Malay bập bẹ, tôi biết anh tên là Arnand. Anh có một cửa hàng sửa chữa cơ khí gì đó. Anh lái xe đi miết mà chả thấy bóng dáng siêu thị Gadong đâu. Bất  chợt anh rẽ vào một ngõ hẻm vắng tanh vắng ngắt, dừng lại trước một cánh cổng đóng kín mít và ra hiệu cho tôi đi theo anh. Trời ơi đây là đâu? Tôi lo cuống cả lên, nhưng không muốn để Arnand biết. Tôi đành đi theo anh. Anh bảo tôi cứ để ba-lô trên xe, nhưng tôi cứ mang theo có gì còn ... chạy.\r\n\r\nĐi qua cánh cổng, rẽ vào một ngõ hẻm nữa, Arnand dừng lại trước một quán ăn. Tôi giật mình ngã ngửa, hóa ra Arnand chỉ muốn dẫn tôi đi ăn sáng. Thần hồn nát thần tính quá đây mà.\r\n\r\nTrong menu có món \"Phở Việt\", tôi gọi ăn thử thì thấy nó chả Việt Nam tí nào. Trong bát phở có ngô, cà rốt, nấm, ... tất cả những thứ mà chả bao giờ mình nhìn thấy trong phở Việt Nam. Arnand nhất định không để tôi trả tiền. Ăn xong, Arnand đưa tôi đến Gadong. Tôi sau này có viết về anh trên blog của mình. Bài viết được Brunei FM dịch lại và họ gọi Arnand là \"người Brunei của tháng\". Qua đó, rất nhiều người Brunei gửi email cho tôi nói là nếu tôi cần giúp đỡ gì ở Brunei thì cứ báo họ. Rất tiếc, lúc đấy tôi đã cao chạy xa bay khỏi Brunei rồi.\r\n\r\n---\r\n4. Mưa ở Lễ hội Rừng mưa\r\n\r\nThời gian còn lại ở Brunei tôi dành để thăm thú các điểm du lịch nổi tiếng của Brunei: các ngôi đền thờ Hồi giáo trị giá hàng triệu đô, cung điện Sultan nguy nga tráng lệ, làng nổi lớn nhất thế giới Kampong Ayer - nơi 10% dân số Brunei sinh sống. Nhờ may mắn, tôi có dịp gặp gỡ và nói chuyện với Stephen Ignatius - nhà báo đầu tiên của Brunei và Tegla Loroupe - nữ vô địch điền kinh thế giới, nhà hoạt động vì quyền phụ nữ người Kenya với câu chuyện cuộc đời giàu sức truyền cảm hứng. Sinh ra trong một gia đình với 24 anh chị em, lớn lên trong một nền văn hóa nơi phụ nữ không được đến trường, không được chơi thể thao, cô gạt bỏ những kỳ thị để theo\r\nđuổi đam mê của mình: chạy. Mối quan hệ của tôi với Caroline cũng được cải thiện đáng kể. Tôi bấy giờ đã chuyển đến ở nhà Rudy - CouchSurfer mà tôi lỡ cho \"leo cây\" từ ngày đầu tiên. Tối tối, Caroline đều gọi điện hỏi tôi có ổn không khiến tôi vô cùng xúc động. Có một chuyện vui để thấy Brunei nhỏ như thế nào. Khi biết tôi đến ở nhà người lạ, Caroline rất lo lắng, hỏi tên đầy đủ của Rudy. Rồi sau chỉ vài cú điện thoại, Caroline đã biết chính xác tên tuổi, địa chỉ, nghề nghiệp của Rudy, thật đáng sợ. \"Brunei như một cái làng vậy. Ở đây từ nhỏ đến lớn, ai cũng biết ai.\"\r\n\r\nMột buổi chiều, tôi đang ngồi dùng Internet ở văn phòng của Caroline khi chị đột ngột hỏi:\r\n- Này, mai đi Rainforest Music Festival ở Miri không?\r\n- Mai á?\r\n- Ừ.\r\n\r\nThế là tôi cũng gật bừa. Lúc đó tôi đã quên béng vé máy bay khứ hồi về lại Malaysia. Ở Malaysia đã lâu, tôi chưa bao giờ sang bán đảo Đông Malaysia, khu vực mà bạn bè người Malaysia của tôi đều bảo là \"Malaysia thực sự\".\r\n\r\n9h sáng hôm sau, tôi có mặt ở văn phòng Caroline. Caroline lái chiếc xe Honda 7 chỗ to đùng. Tò mò tôi hỏi:\r\n- Sao đi xe to cho tốn xăng hả chị?\r\n\r\nChị phá lên cười không trả lời. Sau này tôi mới biết xe 4 chỗ của nhà chị toàn \"xe xịn\". Người Brunei coi Malaysia là một quốc gia kém phát triển, không an toàn nên không ai lái xe xịn sang đấy cả. Xăng dầu ở Malaysia không phải là vấn đề, bởi giá cả ở đây cực rẻ. Một lít xăng lúc bấy giờ chỉ nửa đô Brunei (khoảng 6 ngàn tiền Việt). Caroline cho hay những người Miri làm việc ở Brunei hay vận chuyển lậu xăng từ Brunei về Malaysia để bán với giá cao gấp đôi, nên chính phủ Brunei có luật giới hạn việc mua bán xăng của người lao động nước ngoài ở đây.\r\n\r\nHai giờ lái xe từ Bandar đến Miri là cơ hội tuyệt vời để thưởng ngoạn phong cảnh làng quê Brunei. Brunei quả thực là một đất nước vô cùng xanh sạch đẹp. Ở đâu cũng toàn cây là cây. Do mức độ ô nhiễm thấp, bầu trời Brunei xanh ngắt. Đến tận bây giờ, tôi vẫn chưa thấy bầu trời ở đâu xanh đến như vậy.\r\n\r\nMiri thuộc bang Sarawak, khu vực tự trị của Malaysia với visa và con dấu xuất nhập cảnh riêng. Người Việt Nam mình không cần visa cho Malaysia nên cũng không cần visa cho Sarawak. Những ai cần visa để vào Malaysia, nếu muốn vào Sarawak sẽ phải nộp hồ sơ xin visa Sarawak lúc xin visa Malaysia. Các bác làm cục hải quan Sarawak rất dễ chịu, chỉ nhìn hộ chiếu của tôi rồi cho đi mà không đóng dấu nhập cảnh. Tôi hơi băn khoăn nhưng lúc đấy mải vui nên cũng không hỏi, không hề biết rằng việc không có con dấu đấy sẽ gây cho tôi không ít rắc rối khi tôi rời khỏi Malaysia sau này. Sang đến Miri rồi, tôi mới chợt nghĩ ra:\r\n\r\n- Tối nay ngủ ở đâu hả chị?\r\n- Dĩ nhiên là khách sạn rồi.\r\n\r\nBạn của Caroline đã đặt phòng cho chúng tôi ở khách sạn sang trọng nhất của Miri, mà lại là phòng xịn nhất. Bạn của Caroline làm trong ngành du lịch nên anh lấy được giá rẻ, nhưng vẫn quá sức ngoài ngân sách của tôi. Caroline nhìn tôi có vẻ thông cảm:\r\n\r\n- Em trả được bao nhiêu thì trả thôi, còn lại chị trả.\r\n\r\nNhưng để chị trả cũng hơi ngại, nên tôi tự trả hết phần của mình. Vèo một phát đã hết $100. “Thôi, sau mấy ngày vật vã ở Brunei, một đêm đệm ấm chăn êm cũng bõ”, tôi tặc lưỡi. Bệnh sĩ chết trước bệnh tim đấy mà.\r\n\r\nĐến nơi tôi mới biết đấy là thời điểm tốt nhất để thăm Miri. Lúc đó thành phố này đang tổ chức kỷ niệm ngày chính thức thành lập với rất nhiều lễ hội. Đường phố tràn ngập những trang trí rực rỡ. Chúng tôi không tham gia được Music Festival vì vé đã bán hết, nhưng hóa ra thế lại may bởi tối hôm đó trời mưa suốt, người đi xem phải chạy như vỡ đám. Charles và Justin, bạn của Caroline, đến đón chúng tôi ở khách sạn và một đêm ăn long trời lở đất bắt đầu. Tôi chưa bao giờ ăn nhiều đồ ăn ngon đến thế. Trước hết, chúng tôi đến một nhà hàng trên bãi biển ăn satay. Satay là món ăn quốc gia của Indonesia nhưng hết sức phổ biến ở Malaysia. Đây đại khái là thịt xiên, nhưng ăn với nước sốt rất ngon. Ở Malaysia, mình được chọn que thịt sống, tự nhúng vào nước sốt sôi sùng sục, nóng hổi vừa thổi vừa ăn. Charles gọi cho tôi đồ uống đặc trưng của Miri. Tôi không biết tên gọi của nó là gì, nhưng nó bao gồm rất nhiều thứ: lúa mạch, vải khô, thạch, ... và có mùi thơm rất dễ chịu. Sau đó chúng tôi đến một nhà hàng hải sản được cho là nổi tiếng nhất của Miri. Phải nói là hải sản Malaysia còn lâu mới bằng hải sản Việt Nam, nhưng tôi đặc biệt thích món nghêu hấp sả và mực chiên bột. Tiếp theo là đồ tráng miệng ở Citrus, và đây vẫn là đồ tráng miệng ngon nhất mà tôi từng ăn. Nó bao gồm bánh chuối, chuối, siro và sô-cô-la trên một đĩa nóng. Chúng tôi cũng đi thăm Marina Bay - nhà hàng xây trên biển bởi tôi tò mò về kiến trúc của nhà hàng này. Xây nhà trên cát quả thực không đơn giản. Trước hết, họ phải củng cố móng, đợi cho mọi thứ lắng đọng và đông đặc lại mới bắt đầu xây được nhà. Toàn bộ nhà hàng được xây bằng gỗ, trạm khắc tỉ mỉ bởi những thợ lành nghề nhất của Indonesia. Từng tấm gỗ đều được bảo quản đặc biệt để chống chọi với cái ẩm ướt từ biển.\r\n\r\nChúng tôi trở về khách sạn lúc nửa đêm, no đủ và vui vẻ. Tôi ngủ một lèo đến sáng, chẳng lo nghĩ gì.\r\n\r\n---\r\n5. Khách sạn có ma ở Sibu\r\nSáng, Caroline lên đường trở lại Brunei. Tôi tỉnh dậy, và bắt đầu hỏi một câu hỏi, một câu hỏi mà kể từ đó về sau, tôi phải tự hỏi mình rất nhiều: \"Đi đâu bây giờ nhỉ?\" .\r\n\r\nTôi gửi đồ của mình ở khách sạn và bắt đầu đi vòng vòng quanh thành phố để lấy ý tưởng. Tôi gặp một nhóm xe vespa từ Brunei, qua Miri tham gia diễu hành mừng sinh nhật thành phố. Biết tôi đi du lịch một mình từ Việt Nam, họ hết sức thích thú, xin chụp ảnh cùng và xin số liên lạc. Họ gợi ý cho tôi đến Kuching - thủ phủ bang Sarawak. Đây được coi là mảnh đất của những huyền thoại, những cánh rừng nguyên sinh, những chú chim mỏ sừng Rhinoceros và những bộ tộc săn đầu người. Tôi quyết định đến Kuching, nhưng trên đường đi, tôi muốn ghé thăm Sibu - thành phố người Hoa duy nhất ở Đông Malaysia. Dân số ở đây chủ yếu là người Hoa Foochow, nổi tiếng với ẩm thực Foochow của mình.\r\n\r\nCaroline gọi cho tôi lúc tôi đang ở trên xe buýt. Lo lắng vì tôi sẽ đến Sibu lúc nửa đêm, chị giới thiệu cho tôi với Koh, một người bạn của chị ở Sibu. Koh đón tôi ở bến xe và dẫn tôi vào thành phố tìm khách sạn. Vì lúc đó đã muộn, tôi đã khá mệt và không muốn làm phiền Koh nhiều, tôi chọn bừa bất kỳ khách sạn nào tôi thấy. Đó là một khách sạn khá lớn ở ngay trung tâm thành phố, có vẻ cũ kỹ, nhưng được cái khá rẻ (50RM ~ $15), lại có wifi. Người đàn ông gốc Hoa ở bàn tiếp tân không nói được tiếng Anh. Koh giúp tôi check in và để tôi ở lại trong phòng một mình.\r\n\r\nViệc đầu tiên tôi làm khi nhận phòng là kiểm tra nhà vệ sinh. Vòi nước và xả bồn cầu không hoạt động. Tôi chạy xuống gọi người đàn ông trực đêm, ông vào kiểm tra thì mọi thứ đều hoạt động bình thường. Ông đi xuống và tôi bắt đầu sửa soạn để tắm. Đột nhiên, tôi nghe tiếng nước chảy trong nhà tắm, ai đó mở vòi nước rồi lại đóng lại. Tôi chạy vào xem, thì thấy nước vẫn chảy, bồn cầu đang xả nước và cuộn giấy vệ sinh tự động thả giấy xuống. Hoảng hồn, tôi lao xuống bàn tiếp tân, cố gắng giải thích cho người đàn ông nhưng ông không hiểu. Tôi không thể check out và tìm khách sạn khác, bởi Sibu không chỉ nổi tiếng bởi đồ ăn của mình, mà còn nổi tiếng với những bang nhóm gangster thống trị mọi ngóc ngách phố ban đêm. Tôi đành quay lại phòng, mở Facebook và bắt đầu kêu khóc với bất cứ ai tôi gặp online. Tôi không dám sử dụng nhà vệ sinh, thậm chí không dám tắm. Đến khoảng 3 giờ sáng, mọi âm thanh kỳ lạ kết thúc, và tôi ngủ thiếp đi khoảng 1 giờ sau đó.\r\n\r\nSáng hôm sau, tôi đi xuống và gặp một phụ nữ người Hoa ở bàn tiếp tân. Bà có thể nói tiếng Anh. Tôi kể lại cho bà những chuyện oái oăm lúc nửa đêm. Bà chẳng có vẻ gì ngạc nhiên:\r\n- Cháu ở phòng nào?\r\n- 405.\r\n- Ở đây không có phòng 405.\r\n\r\nTôi giật mình lại chìa khóa phòng: 407. Vì lý do nào đó, cả đêm tôi cứ nghĩ mình ở phòng 405. Tôi cũng không hiểu sao ở đây không có phòng 405. 405 không phải là một con số đen đủi trong văn hóa người Hoa. Tôi hỏi nhưng không nhận được câu trả lời. Tôi check out, Koh đến đón đưa tôi về nhà chị. Có cho tiền tôi cũng không dám ở khách sạn đấy thêm một đêm nữa.\r\n\r\nVợ chồng Koh có hai con gái, con gái lớn học lớp 9, con gái nhỏ mới có 5 tuổi, tên là Chloe. Không hiểu sao, Chloe rất thích tôi, không chịu rời tôi nửa bước. Koh cũng bảo tôi là người lạ đầu tiên Chloe bạo dạn đến thế. Koh và Chloe dẫn tôi đi thăm quanh thành phố. Nhưng tôi thích tự mình khám phá thành phố hơn. Đúng là thành phố người Hoa, nhà hàng nào cũng trưng biển tiếng Hoa, kiến trúc cũng đậm màu sắc Hoa và đồ ăn Foochow cực kỳ hấp dẫn. Sibu có một con sông lớn hết sức thơ mộng, với ngôi chùa Tua Pek Kong cổ kính từ thế kỷ 19 soi bóng kề bên. Tháp chùa có 7 tầng, trèo lên trên đỉnh có thể có cái nhìn toàn cảnh thành phố. Tôi đặc biệt ấn tượng với chợ Sibu. Đây là một chợ vô cùng lớn, rực rỡ nhiều màu sắc với nhiều loại hoa quả tôi chưa thấy bao giờ. Ham ăn, tôi chết mê chết mệt đồ ăn ở đây. Kompyang - món bánh quy đặc trưng của Sibu, làm từ bột mỳ, hành, mỡ và muối với nhân đa dạng tùy sở thích: nhân thịt, nhân rau, nhân ngọt, ... ăn với nước sốt. Kampua Mieng - mì xào khô với thịt lợn xắt miếng, một đặc sản khác của Sibu. Chai Pau - bánh bao chay. Tôi cũng thử món lòng lợn xào hành tây mà tôi cứ nghĩ chỉ Việt Nam mới ăn lòng lợn xào, và món chè Sibu. Tôi ở với gia đình Koh một ngày, tối bắt chuyến xe buýt qua đêm đến Kuching. Koh gói đồ ăn để tôi không bị đói trên xe buýt. Tôi cảm kích vô cùng, không biết phải cảm ơn thế nào cho đủ.',108998,70000,480,'NXB Văn Học','2013-01-30','http://files.chickenrain.com.s3.amazonaws.com/cakephpnangcao/ebookdownload/xach-ba-lo-len-va-di.zip',1,'2013-05-22 03:40:35','2013-05-22 03:40:35',0),(20,4,'Cách sống - Từ bình thường trở nên phi thường','cach-song-tu-binh-thuong-tro-nen-phi-thuong','/files/ki-nang-song-dep/cach-song-tu-binh-thuong-tro-nen-phi-thuong.jpg','Inamori Kazuo một doanh nhân hết sức thành đạt trong việc sáng lập và điều hành tập đoàn Kyocera lớn mạnh của Nhật Bản. Ông sẽ đem đến cho chúng ta những tư tưởng về Cách Sống. Đây là tập hợp những triết lý mà ông đúc rút ra được từ thực tế sau bao nhiêu năm gian nan xây dựng công ty.\r\n\r\nTrước thực tại của một xã hội Nhật Bản mà con người ngày càng đánh mất đi giá trị truyền thống, Inamori Kazuo đưa ra một yêu cầu bức thiết là phải nhìn lại \"lẽ sống\" của con người thời hiện đại. Lẽ sống qua cái nhìn của tác giả không phải là cái gì xa vời mà là những điều giản đơn, những giá trị gần gũi hay những thói quen hằng ngày: \"những nguyên tắc đạo đức chân phương\". Cách sống gồm 5 chương, mỗi chương là một quan điểm của tác giả:\r\n\r\n- Chương 1. Biến suy nghĩ thành hiện thực. Chúng ta không thể có các ý tưởng và sáng tạo nếu lười suy nghĩ. Chắc các bạn biết không ít những nhà bác học như Edison hay Newton tìm ra những phát minh trong những lúc bình thường nhất, bởi họ sống với những trăn trở, không ngừng tìm kiếm lời giải đáp cho vấn đề. Cuộc đời chỉ cho ta những điều ta muốn có, vì vậy hãy suy nghĩ \"Suy nghĩ phải thấu đáo, phải liên tục, không ngừng nghỉ cả ngày lẫn đêm...\" hãy hình dung \"sẽ thực hiện được nếu hình dung ra mọi ngõ ngách của công việc\", hãy lên kế hoạch \"không thể thành công nếu không lập kế hoạch chi tiết và chuẩn bị chu đáo\"\r\n\r\n- Chương 2. Suy nghĩ từ nguyên lý và nguyên tắc. Những nguyên lý và nguyên tắc chân phương như những chuẩn mực đạo đức mà bạn vẫn được bố mẹ dạy bảo từ khi còn nhỏ, chúng không những tốt cho cuộc sống mà còn cả trong kinh doanh. Hãy sống kiên định với những nguyên tắc đó, nó sẽ chỉ đường cho bạn ngay cả khi bạn lạc lối.\r\n\r\n- Chương 3. Mài giũa nhân cách và nâng cao tâm hồn. Tác giả có đưa ra một phương trình: \"Cuộc đời và thành quả công việc = Tư duy x Nhiệt huyết x Năng lực\". Năng lực có thể do bẩm sinh hoặc học tập, nhiệt huyết có thể tìm thấy qua quá trình lao động nhưng có nhiệt huyết và năng lực mà đi sai hướng thì cũng không thể thành công. Cũng như một kẻ học giả trở thành mafia trí thức trong thế giới ngầm vậy. Vì vậy nhân cách và tâm hồn phải được đề cao, mài giũa qua thời gian.\r\n\r\n- Chương 4. Sống với lòng vị tha. Vị tha không phải là cái gì quá cao xa, đơn giản chỉ là những hành động \"suy nghĩ cho người khác\" cống hiến hết mình cho nhân loại, cho xã hội. Hãy bắt đầu từ việc để tâm một chút đến những người thân thiết xung quanh ta.\r\n\r\n- Chương 5. Hòa hợp với dòng chảy vũ trụ. Có hai bàn tay vô hình chi phối cuộc đời con người. Đó là \"số mệnh\" và \"luật nhân quả báo ứng\". Mỗi ngươi tuy có mệnh sẵn nhưng nếu biết vận dụng luật nhân quả có thể thay đổi vận mệnh cho mình bằng cách nghĩ điều thiện, làm việc thiện.\r\n\r\nỞ mỗi chương, mỗi quan điểm của mình tác giả đều đưa ra những dẫn chứng, những câu chuyện thực tế rất thuyết phục. Vốn đi lên từ những thất bại, con đường thành công của tác giả vô cùng khó khăn. Những điều ông viết trong \"Cách Sống\" là những kinh nghiệm quý giá mà ông muốn chia sẻ với giới trẻ. Đây quả thực là một cuốn sách thiết thực, hãy đọc, suy ngẫm và thay đổi.',75000,40000,224,'NXB Thời Đại','2012-05-22','http://files.chickenrain.com.s3.amazonaws.com/cakephpnangcao/ebookdownload/cach-song-tu-binh-thuong-tro-nen-phi-thuong.zip',1,'2013-05-22 04:00:21','2013-05-22 04:00:21',0),(21,4,'Tiểu sử Steve Jobs','tieu-su-steve-jobs','/files/ki-nang-song-dep/tieu-su-steve-jobs.jpg','Cuốn tiểu sử với tiêu đề ngắn gọn \"Steve Jobs\" do cựu thư ký tòa soạn của tạp chí \"Time\", Walter Isaacson biên soạn, dựa trên 40 cuộc phỏng vấn với Steve Jobs trong 2 năm qua cùng các cuộc phỏng vấn với hơn 100 người thân, bạn bè, đồng nghiệp và đối thủ của ông, vừa phát hành trên Amazon vào ngày 24/10 đang liên tục đứng vị trí số 1 danh sách sách bán chạy nhất của cả Amazon lẫn Barnes &amp; Nobles. Đây cũng là cuốn tiểu sử đầu tiên và duy nhất nhận được sự đồng ý của Steve Jobs. Walter Isaacson cũng là người viết tiểu sử nổi tiếng, với 2 tác phẩm viết về Benjamin Franklin và Albert Einstein.\r\n\r\nTiểu Sử Steve Jobs tiết lộ nhiều thông tin chưa từng được kể về Steve Jobs như tính cách cay nghiệt, kỳ dị, chuyện ông chiến đấu với bệnh ung thư, những mối quan hệ lãng mạn của ông và cuộc hôn nhân với bà Laurene Powell hay gặp cha đẻ Abdulfattah \"John\" Jandali... Và trên hết đó là quá trình ông đã gây dựng và chèo lái Apple đi đến thành công như ngày hôm nay với không ít sai lầm cũng như những ám ảnh không thôi về sự hoàn hảo. Tác phẩm vì thế đã cung cấp cho người đọc một cái nhìn sâu sắc về nhân cách và cả những thành tựu của cuộc đời Steve Jobs.\r\n\r\nĐó là một cuốn sách chứa đựng những điều Steve Jobs muốn nói với thế giới.',180000,120000,656,'NXB Thời Đại','2013-12-05','http://files.chickenrain.com.s3.amazonaws.com/cakephpnangcao/ebookdownload/tieu-su-steve-jobs.zip',1,'2013-05-22 04:07:59','2013-05-22 04:07:59',0),(22,4,'Tạo ra thông điệp kết dính','tao-ra-thong-diep-ket-dinh','/files/ki-nang-song-dep/tao-ra-thong-diep-ket-dinh.jpg','Cái gì kết dính? \r\n\r\n Dù là CEO hay một bà mẹ cả ngày lo chuyện nội trợ, bạn luôn có những ý tưởng cần truyền đạt: một sản phẩm mới sắp ra mắt thị trường, một chiến lược bạn muốn dạy con trẻ. Nhưng thật khó - vô cùng và cực kỳ khó - thay đổi cái cách mà mọi người vẫn luôn suy nghĩ và hành động. \r\n\r\nTrong cuốn sách này, bạn sẽ học được sáu thuộc tính cốt yếu của một ý tưởng kết dính:\r\n\r\n - Đơn giản: Đâu là cách lột trần một ý tưởng đến tận cốt lõi của nó mà không biến nó thành một kiểu đơn điệu thô lậu tối nghĩa?\r\n\r\n Đơn giản= cốt lõi + cô đọng…\r\n\r\nTận dụng những thứ sẵn có.\r\n\r\n - Bất ngờ: Đâu là cách thu hút sự chú ý của người khác… và giữ sự chú ý đó?\r\n\r\n Phá vỡ cổ máy phỏng đoán… Lý thuyết lỗ hổng của tính hiếu kỳ.\r\n\r\n - Cụ thể: Đâu là cách giúp mọi người hiểu được ý tưởng của bạn và nhơ được nó sau một thời gian dài? \r\n\r\nDạy phép trừ với ít tính trừu tượng hơn… Lý thuyết khoá dán Velcro của trí nhớ....',65000,55000,352,'NXB Trẻ','2010-09-01','http://files.chickenrain.com.s3.amazonaws.com/cakephpnangcao/ebookdownload/tao-ra-thong-diep-ket-dinh.zip',1,'2013-05-22 04:10:33','2013-05-22 04:10:33',0),(23,4,'Tác nhân thu hút','tac-nhan-thu-hut','/files/ki-nang-song-dep/tac-nhan-thu-hut.jpg','Nếu bạn đã từng bị cuốn sách “Người Nam Châm” thu hút bởi việc vận dụng luật hấp dẫn để thu hút thành công, hạnh phúc tới với mình thì chắc chắn bạn không thể bỏ qua cuốn sách sắp được xuất bản tới đây của Thaihabooks có tên “The Attractor Factor – Tác nhân thu hút”.\r\n\r\nThuộc dòng sách phát triển kỹ năng sống và thành công, Tác nhân thu húttập trung và phân tích sâu vào 5 bước phát triển bản thân và thực hiện việc hấp dẫn những gì chúng ta mong muốn trong cuộc sống. 5 bước cụ thể đó là:\r\n\r\nBước 1: Tìm hiểu những vấn đề tiêu cực ngăn cản thành công trong cuộc sống của bạn\r\n\r\nBước 2: Dám ước mơ và tìm kiếm vận mệnh của chính mình)\r\n\r\nBước 3: Khám phá bí mật bị lãng quên trong quá trình tìm kiếm sự giàu có, thành công trong cs.\r\n\r\nBước 4: Hiện thực hóa mục tiêu\r\n\r\nBước 5: Bí mật cuối cùng (Trở thành người có thể khiến Vũ trụ mang đến cho bạn những thứ bạn mơ ước.\r\n\r\nTác giả cuốn sách – Joe Vitale - một doanh nhân thành đạt, chủ tịch của Hypnotic Marketing INC., người được coi là “Đức Phật của Internet” vì sự kết hợp tài tình giữa tâm linh và marketing trên internet. Ông cũng là người có công rất lớn trong việc tham gia xây dựng bộ phim về phát triển cá nhân nổi tiếng khắp thế giới – The Secret.\r\n\r\nTác nhân thu hút là bí mật để có được cuộc sống như bạn mong ước; Là công cụ để phát triển doanh nghiệp lớn mạnh, tìm kiếm tình yêu lý tưởng, có được một sức khoẻ tốt và sở hữu những gì bạn muốn.\r\n\r\nTác nhân thu hút dẫn dắt người đọc qua các bước cụ thể, đưa cho họ những lời chỉ dẫn thực tế và chính xác ở mỗi bước theo công thức định sẵn.\r\n\r\nSẽ có rất nhiều câu chuyện có thực từ khắp thế giới sử dụng công thức trong Tác nhân thu hút để hấp dẫn mọi thứ trong cuộc sống.\r\n\r\nJoe Vitale cũng đã chỉ cho bạn thấy con đường tắt để đạt được những điều đó: hãy cảm thấy HẠNH PHÚC ngay từ bây giờ. Đó cũng là một chương trong việc hướng dẫn làm thế nào để hấp dẫn tiền bạc của cải. Bạn muốn có được tiền bạc trước hay theo đuổi niềm đam mê của mình trước? Đó là cả một sự khác biệt rất lớn.\r\n\r\nCó Tác nhân thu hút, bạn sẽ có một cuốn cẩm nang trong tay, một chiếc chìa khoá để mở ra cánh cửa của những điều kì diệu.',77000,50000,327,'NXB Lao Động Xã Hội','2011-03-01','http://files.chickenrain.com.s3.amazonaws.com/cakephpnangcao/ebookdownload/tac-nhan-thu-hut.zip',1,'2013-05-22 04:23:24','2013-05-22 04:23:24',0),(24,4,'Ngày xưa có một con bò','ngay-xua-co-mot-con-bo','/files/ki-nang-song-dep/ngay-xua-co-mot-con-bo.jpg','Dù muốn dù không thì trong mỗi người chúng ta đều đang nuôi ít nhất là 1 con bò và thậm chí là cả đàn bò. Đó là những con bò: bao biện, viện cớ, đổ lỗi, ỷ lại, mãi tự hào với quá khứ…\r\n\r\nNhiều khi ta nghĩ ta đã làm tốt rồi, học giỏi rồi, xinh đẹp rồi nên cứ dựa vào thành quả đó để ỷ lại, không cố gắng nữa và sa vào bẫy hài lòng với suy nghĩ rằng mình ít nhất đang có cái gì đó: Một học sinh giỏi luôn ỷ lại rằng ta giỏi rồi, không cần cố gắng nữa; một cô giáo từ năm này qua năm khác không chịu thay đổi, cập nhật giáo án của mình vì cho rằng kiến thức trong giáo án đó đã quá chuẩn; cô gái luôn tự hào hớp hồn bạn trai mình ngay từ cái nhìn đầu tiên cứ tự tin rằng mình đủ hoàn hảo để bạn trai yêu mà không bao giờ muốn tự làm mới mình, một nhân viên tự cho rằng ta làm dự án vừa rồi quá thành công và sếp đã thấy được năng lực của ta rồi, ta không cần thể hiện nữa; một nhà văn viết được 1 cuốn sách best-sellers nhưng không chịu đổi mới ngòi bút vì cho rằng ta đã viết hay rồi, cuốn sách của ta được mọi người khen ngợi đó thôi…\r\n\r\nCó hàng ngàn, hàng vạn loại bò đang chi phối, hạn chế sức bật của chúng ta nhưng đang được chúng ta bao bọc, bảo vệ trong lớp vỏ mang tên Chỗ Dựa. Nếu Chỗ Dựa vô hình đó mất đi, ta sẽ sụp đổ???\r\n\r\nNếu bạn vẫn muốn nuôi bò, vẫn muốn “ăn mày quá khứ” thì có lẽ cuốn sách này không dành cho bạn. Cuốn sách này chỉ dành cho những người đang nuôi bò và mong muốn được tiêu diệt con bò của chính mình.\r\n\r\nHãy sống một cuộc sống Không-Có-Bò!\r\n\r\n©\r\n\r\nKhởi đầu bằng một câu chuyện mang tính ngụ ngôn vừa ngắn gọn, vừa dễ hiểu, cuốn sách rút ra một bài học sâu sắc nhưng thật đơn giản cho những ai vẫn đang vật lộn tìm kiếm thành công ở đời: những lời bao biện, viện cớ, đổ lỗi chẳng bao giờ giúp được chúng ta thành công hơn; ngược lại, dám dũng cảm đối mặt với sự trì trệ của mình để sẵn sàng tìm ra giải pháp mới là con đường tiến lên bền vững.\r\n\r\nVới hình tượng ẩn dụ là con bò, tượng trưng cho những kiểu biện bạch dễ dãi trước khó khăn, tác giả giải thích rất rõ ràng từng loại bò mà mỗi chúng ta đều có, cùng với những cách phân biệt và tiêu diệt chúng.\r\n\r\nĐây là một cuốn sách có thể tạo cảm hứng thật sự cho bất kỳ ai',46000,20000,148,'NXB Trẻ','2012-06-30','http://files.chickenrain.com.s3.amazonaws.com/cakephpnangcao/ebookdownload/ngay-xua-co-mot-con-bo.zip',1,'2013-05-22 05:58:57','2013-05-22 05:58:57',0),(25,3,'Sinh học - Tập 2','sinh-hoc-tap-2','/files/chuyen-nganh/sinh-hoc-tap-2.jpg','Nội dung sách gồm:\r\n\r\nB. Sinh lý học (phần tiếp theo)\r\n\r\nD. Nguồn gốc và sự đạ dạng của sự sống\r\n\r\nE. Sinh thái học',60000,30000,340,'NXB Giáo Dục','2006-04-04','http://files.chickenrain.com.s3.amazonaws.com/cakephpnangcao/ebookdownload/sinh-hoc-tap-2.zip',1,'2013-05-22 06:10:21','2013-05-22 06:10:21',0);
/*!40000 ALTER TABLE `books` ENABLE KEYS */;
UNLOCK TABLES;

--
-- Table structure for table `books_writers`
--

DROP TABLE IF EXISTS `books_writers`;
/*!40101 SET @saved_cs_client     = @@character_set_client */;
 SET character_set_client = utf8mb4 ;
CREATE TABLE `books_writers` (
  `book_id` int(11) NOT NULL,
  `writer_id` int(11) NOT NULL,
  PRIMARY KEY (`book_id`,`writer_id`),
  KEY `fk_books_writers2` (`writer_id`),
  CONSTRAINT `fk_books_writers` FOREIGN KEY (`book_id`) REFERENCES `books` (`id`),
  CONSTRAINT `fk_books_writers2` FOREIGN KEY (`writer_id`) REFERENCES `writers` (`id`)
) ENGINE=InnoDB DEFAULT CHARSET=utf8 COLLATE=utf8_unicode_ci;
/*!40101 SET character_set_client = @saved_cs_client */;

--
-- Dumping data for table `books_writers`
--

LOCK TABLES `books_writers` WRITE;
/*!40000 ALTER TABLE `books_writers` DISABLE KEYS */;
INSERT INTO `books_writers` VALUES (1,4),(2,3),(3,6),(4,2),(5,7),(5,8),(6,5),(7,1),(8,1),(9,1),(10,1),(11,1),(12,1),(13,1),(14,4),(15,10),(16,9),(17,11),(17,12),(18,13),(18,14),(19,15),(20,16),(21,17),(22,18),(22,19),(23,20),(24,21),(25,7),(25,8);
/*!40000 ALTER TABLE `books_writers` ENABLE KEYS */;
UNLOCK TABLES;

--
-- Table structure for table `categories`
--

DROP TABLE IF EXISTS `categories`;
/*!40101 SET @saved_cs_client     = @@character_set_client */;
 SET character_set_client = utf8mb4 ;
CREATE TABLE `categories` (
  `id` int(11) NOT NULL AUTO_INCREMENT,
  `name` varchar(100) COLLATE utf8_unicode_ci NOT NULL,
  `slug` varchar(255) COLLATE utf8_unicode_ci NOT NULL,
  `description` text COLLATE utf8_unicode_ci,
  `created` datetime DEFAULT NULL,
  PRIMARY KEY (`id`)
) ENGINE=InnoDB AUTO_INCREMENT=7 DEFAULT CHARSET=utf8 COLLATE=utf8_unicode_ci;
/*!40101 SET character_set_client = @saved_cs_client */;

--
-- Dumping data for table `categories`
--

LOCK TABLES `categories` WRITE;
/*!40000 ALTER TABLE `categories` DISABLE KEYS */;
INSERT INTO `categories` VALUES (1,'Kinh tế','kinh-te','Sách về kinh tế','2013-03-25 07:55:26'),(2,'Văn học','van-hoc','Các tác phẩm văn học trong và ngoài nước','2013-03-25 07:55:52'),(3,'Chuyên ngành','chuyen-nganh','Sách chuyên sâu dành cho các lĩnh vực học thuật','2013-03-25 07:57:24'),(4,'Kĩ năng - Sống đẹp','ki-nang-song-dep','Kĩ năng mềm - Quan niệm sống','2013-03-25 07:58:18'),(5,'Tôn giáo - Tâm linh','ton-giao-tam-linh','Sách về các tôn giáo, quan niệm về tâm linh','2013-03-25 07:59:31'),(6,'Ngoại ngữ','ngoai-ngu','Sách học ngoại ngữ','2013-03-26 00:58:47');
/*!40000 ALTER TABLE `categories` ENABLE KEYS */;
UNLOCK TABLES;

--
-- Table structure for table `comments`
--

DROP TABLE IF EXISTS `comments`;
/*!40101 SET @saved_cs_client     = @@character_set_client */;
 SET character_set_client = utf8mb4 ;
CREATE TABLE `comments` (
  `id` int(11) NOT NULL AUTO_INCREMENT,
  `user_id` int(11) NOT NULL,
  `book_id` int(11) NOT NULL,
  `content` text COLLATE utf8_unicode_ci NOT NULL,
  `created` datetime DEFAULT NULL,
  PRIMARY KEY (`id`),
  KEY `fk_books_comments` (`book_id`),
  KEY `fk_users_comments` (`user_id`),
  CONSTRAINT `fk_books_comments` FOREIGN KEY (`book_id`) REFERENCES `books` (`id`),
  CONSTRAINT `fk_users_comments` FOREIGN KEY (`user_id`) REFERENCES `users` (`id`)
) ENGINE=InnoDB AUTO_INCREMENT=13 DEFAULT CHARSET=utf8 COLLATE=utf8_unicode_ci;
/*!40101 SET character_set_client = @saved_cs_client */;

--
-- Dumping data for table `comments`
--

LOCK TABLES `comments` WRITE;
/*!40000 ALTER TABLE `comments` DISABLE KEYS */;
INSERT INTO `comments` VALUES (1,1,1,'Tôi rất thích quyển sách này!','2013-03-25 09:06:30'),(2,2,1,'Mình đã xem phim rồi nhưng khi đọc sách thì vẫn thấy hay hơn và kịch tính hơn rất nhiều ^^','2013-03-25 09:07:43'),(3,1,2,'Cuốn sách này rất hay!','2013-03-31 12:03:12'),(4,1,2,'Cuốn sách này quá hay!','2013-03-31 12:03:33'),(5,2,2,'Hay thiệt đó ^^','2013-03-31 12:06:51'),(6,1,1,'Quyển sách này rất hay','2018-12-15 06:03:07'),(7,1,1,'Hay lam','2018-12-15 06:06:47'),(8,1,1,'qua hay','2018-12-15 06:16:38'),(9,1,1,'mong cho tap tiep theo','2018-12-15 08:18:49'),(10,1,1,'mong cho tap tiep theo','2018-12-15 08:20:25'),(11,1,1,'mong gap lai ban','2018-12-15 08:20:36'),(12,1,1,'quyen sach nay rat hay','2018-12-16 15:35:02');
/*!40000 ALTER TABLE `comments` ENABLE KEYS */;
UNLOCK TABLES;

--
-- Table structure for table `coupons`
--

DROP TABLE IF EXISTS `coupons`;
/*!40101 SET @saved_cs_client     = @@character_set_client */;
 SET character_set_client = utf8mb4 ;
CREATE TABLE `coupons` (
  `id` int(11) NOT NULL AUTO_INCREMENT,
  `code` varchar(255) COLLATE utf8_unicode_ci NOT NULL,
  `percent` float NOT NULL,
  `description` text COLLATE utf8_unicode_ci,
  `time_start` datetime NOT NULL,
  `time_end` datetime NOT NULL,
  `created` datetime DEFAULT NULL,
  `modified` datetime DEFAULT NULL,
  PRIMARY KEY (`id`)
) ENGINE=InnoDB AUTO_INCREMENT=2 DEFAULT CHARSET=utf8 COLLATE=utf8_unicode_ci;
/*!40101 SET character_set_client = @saved_cs_client */;

--
-- Dumping data for table `coupons`
--

LOCK TABLES `coupons` WRITE;
/*!40000 ALTER TABLE `coupons` DISABLE KEYS */;
INSERT INTO `coupons` VALUES (1,'COUPON20-2033042013',20,'Giảm 20% khi thanh toán từ 20/5/2013 - 30/6/2013','2013-03-03 04:00:00','2013-06-30 08:00:00','2013-04-02 03:17:58','2013-04-03 02:59:22');
/*!40000 ALTER TABLE `coupons` ENABLE KEYS */;
UNLOCK TABLES;

--
-- Table structure for table `groups`
--

DROP TABLE IF EXISTS `groups`;
/*!40101 SET @saved_cs_client     = @@character_set_client */;
 SET character_set_client = utf8mb4 ;
CREATE TABLE `groups` (
  `id` int(11) NOT NULL AUTO_INCREMENT,
  `name` varchar(100) COLLATE utf8_unicode_ci NOT NULL,
  `description` text COLLATE utf8_unicode_ci,
  `created` datetime DEFAULT NULL,
  PRIMARY KEY (`id`)
) ENGINE=InnoDB AUTO_INCREMENT=3 DEFAULT CHARSET=utf8 COLLATE=utf8_unicode_ci;
/*!40101 SET character_set_client = @saved_cs_client */;

--
-- Dumping data for table `groups`
--

LOCK TABLES `groups` WRITE;
/*!40000 ALTER TABLE `groups` DISABLE KEYS */;
INSERT INTO `groups` VALUES (1,'Admin','Quản lý','2013-05-20 07:34:52'),(2,'User','Người dùng  bình thường','2013-05-20 07:35:27');
/*!40000 ALTER TABLE `groups` ENABLE KEYS */;
UNLOCK TABLES;

--
-- Table structure for table `orders`
--

DROP TABLE IF EXISTS `orders`;
/*!40101 SET @saved_cs_client     = @@character_set_client */;
 SET character_set_client = utf8mb4 ;
CREATE TABLE `orders` (
  `id` int(11) NOT NULL AUTO_INCREMENT,
  `user_id` int(11) NOT NULL,
  `customer_info` text COLLATE utf8_unicode_ci NOT NULL,
  `order_info` text COLLATE utf8_unicode_ci NOT NULL,
  `payment_info` text COLLATE utf8_unicode_ci NOT NULL,
  `status` int(11) DEFAULT '1',
  `created` datetime DEFAULT NULL,
  `modified` datetime DEFAULT NULL,
  PRIMARY KEY (`id`),
  KEY `fk_users_orders` (`user_id`),
  CONSTRAINT `fk_users_orders` FOREIGN KEY (`user_id`) REFERENCES `users` (`id`)
) ENGINE=InnoDB DEFAULT CHARSET=utf8 COLLATE=utf8_unicode_ci;
/*!40101 SET character_set_client = @saved_cs_client */;

--
-- Dumping data for table `orders`
--

LOCK TABLES `orders` WRITE;
/*!40000 ALTER TABLE `orders` DISABLE KEYS */;
/*!40000 ALTER TABLE `orders` ENABLE KEYS */;
UNLOCK TABLES;

--
-- Table structure for table `users`
--

DROP TABLE IF EXISTS `users`;
/*!40101 SET @saved_cs_client     = @@character_set_client */;
 SET character_set_client = utf8mb4 ;
CREATE TABLE `users` (
  `id` int(11) NOT NULL AUTO_INCREMENT,
  `group_id` int(11) NOT NULL,
  `username` varchar(100) COLLATE utf8_unicode_ci NOT NULL,
  `password` varchar(100) COLLATE utf8_unicode_ci NOT NULL,
  `email` varchar(100) COLLATE utf8_unicode_ci NOT NULL,
  `firstname` varchar(100) COLLATE utf8_unicode_ci NOT NULL,
  `lastname` varchar(100) COLLATE utf8_unicode_ci NOT NULL,
  `address` varchar(255) COLLATE utf8_unicode_ci DEFAULT NULL,
  `phone_number` char(13) COLLATE utf8_unicode_ci DEFAULT NULL,
  `created` datetime DEFAULT NULL,
  `modified` datetime DEFAULT NULL,
  PRIMARY KEY (`id`),
  KEY `fk_groups_users` (`group_id`),
  CONSTRAINT `fk_groups_users` FOREIGN KEY (`group_id`) REFERENCES `groups` (`id`)
) ENGINE=InnoDB AUTO_INCREMENT=3 DEFAULT CHARSET=utf8 COLLATE=utf8_unicode_ci;
/*!40101 SET character_set_client = @saved_cs_client */;

--
-- Dumping data for table `users`
--

LOCK TABLES `users` WRITE;
/*!40000 ALTER TABLE `users` DISABLE KEYS */;
INSERT INTO `users` VALUES (1,1,'admin','admin','admin@chickenrain.com','Truc','Thanh','123 admin ','0123456789','2013-05-20 07:36:13','2013-05-20 07:36:13'),(2,2,'user','user','user@chickenrain.com','User','User','123 user','0987654321','2013-05-20 00:00:00','2013-05-20 00:00:00');
/*!40000 ALTER TABLE `users` ENABLE KEYS */;
UNLOCK TABLES;

--
-- Table structure for table `writers`
--

DROP TABLE IF EXISTS `writers`;
/*!40101 SET @saved_cs_client     = @@character_set_client */;
 SET character_set_client = utf8mb4 ;
CREATE TABLE `writers` (
  `id` int(11) NOT NULL AUTO_INCREMENT,
  `name` varchar(100) COLLATE utf8_unicode_ci NOT NULL,
  `slug` varchar(255) COLLATE utf8_unicode_ci NOT NULL,
  `biography` text COLLATE utf8_unicode_ci,
  `created` datetime DEFAULT NULL,
  PRIMARY KEY (`id`)
) ENGINE=InnoDB AUTO_INCREMENT=22 DEFAULT CHARSET=utf8 COLLATE=utf8_unicode_ci;
/*!40101 SET character_set_client = @saved_cs_client */;

--
-- Dumping data for table `writers`
--

LOCK TABLES `writers` WRITE;
/*!40000 ALTER TABLE `writers` DISABLE KEYS */;
INSERT INTO `writers` VALUES (1,'J.K Rowling','j-k-rowling','J.K Rowling là tác giả nổi tiếng của bộ truyện về cậu bé phù thủy Harry Potter dành cho thiếu nhi.','2013-03-25 08:21:22'),(2,'Thích Nhất Hạnh','thich-nhat-hanh','Thiền sư tại làng Mai của Pháp','2013-03-25 08:22:50'),(3,'Sean Covey','sean-covey','Đang cập nhật','2013-03-25 08:23:10'),(4,'Pittacus Lore','pittacus-lore','Là bút danh của 2 nhà văn James Frey và Jobie Hughes.','2013-03-25 08:27:32'),(5,'Phạm Thành Hổ','pham-thanh-ho','Đang cập nhật','2013-03-25 08:28:30'),(6,'Nhiều tác giả','nhieu-tac-gia','Đang cập nhật','2013-03-25 08:32:01'),(7,'W.D Phillips','w-d-phillips','Đang cập nhật','2013-03-25 08:32:14'),(8,'T.J. Chinton','t-j-chinton','Đang cập nhật','2013-03-25 09:02:28'),(9,'T. Harv Eker','t-harv-eker','T. Harv Eker là một doanh nhân, diễn giả tài năng. Ông trở thành triệu phú từ con số 0 trong vòng 2 năm rưỡi. Trước tuổi 30 ông sở hữu 17 công ty và tất cả đều bị phá sản, sau đó ông bắt đầu lại sự nghiệp với 2.000 đô-la Mỹ đi vay.\r\n\r\nChữ T trong tên T. Harv Eker là viết tắt của từ \"The\". Eker thêm chữ T ở đầu tên mình để nhắc nhở bản thân rằng mình là duy nhất và rất quan trọng. Vì vậy, chữ T. trong tên ông không phải là một phần tên pháp lý của ông.\r\n\r\nEker là tác giả của cuốn sách bán chạy nhất \"Bí Mật Tư Duy Triệu Phú\" (Secret of Millionaire Mind)  và \"Làm Giàu Nhanh\" (Speed Wealth). Ông đã phát triển nhiều khoá học như Tư duy Triệu Phú (Millionaire Mind Intensive), Tư duy đột phá của Doanh Nhân Thành Công (Guerilla Business Man), Làm Chủ Tư Duy (Master Your Mind) và Huấn Luyên Nhà Huấn Luyện (Train The Trainer). Ông cũng là người thiết kế và giảng dạy chương trình theo hình thức trại huấn luyện, Đào tạo Chiến binh khai sáng (Enlighted Warrior) nổi tiếng thế giới.\r\n\r\nHiện T. Harv Eker là người sáng lập và là giám đốc Công ty Peak Potential Trainning, một trong những công ty đào tạo - nghiên cứu phát triển nhanh và mạnh nhất thế giới.\r\n\r\nMột trong những chương trình nổi tiếng nhất của ông mang tên Tư duy Triệu phú (Millionaire Mind Intensive, viết tắt là MMI) đã giúp thay đổi cuộc sống tài chính của hàng trăm ngàn người trên khắp thế giới.\r\n\r\nMỗi khóa học của T.Harv Eker đã thu hút  hơn 500 nghìn người đến từ khắp nơi trên thế giới tham gia. Những bài diễn thuyết của ông đã góp phần làm thay đổi cuộc sống tài chính của họ mãi mãi.','2013-05-22 01:54:47'),(10,'Hugh MacLeod','hugh-macleod','Hugh Macleod là một họa sỹ truyện tranh, chuyên thiết kế quảng cáo và vẽ tranh biếm họa, một blogger nổi tiếng. Năm 2004, ông viết Ignore Everybody trên blog – sự kết hợp giữa tranh biếm họa và những chỉ dẫn thiết thực về những bí kíp thúc đẩy sáng tạo, đã được người đọc tải về đến hàng triệu lượt. \r\n\r\n Năm 2001, ông lập ra blog gapingvoid.com, đưa lên đó cả tranh biếm họa và các bài viết của mình. Năm 2004, ông viết cuốn sách How to Be Creative (Làm Sao Để Sáng Tạo) với khoảng 13.000 từ, gồm nhiều bài viết được đưa dần lên blog, kết hợp giữa tranh biếm họa và những chỉ dẫn thiết thực về những bí kíp thúc đẩy sáng tạo. Hàng triệu người, trong đó có nhiều người Việt nam đã thường xuyên truy cập blog của ông để tải về các bài viết, bức tranh biếm họa đặc sắc. \r\n\r\n Và đây cũng chính là nền tảng cho cuốn sách Phớt lờ tất cả_ Bơ đi mà sống (Ignore Everybody)','2013-05-22 01:56:03'),(11,'Jack Canfield','jack-canfield','Jack Canfield là một người thành công! Tác giả của 60 đầu sách bán chạy nhất thế giới, chuyên gia hàng đầu về phát triển tiềm năng con người, nhà tỉ phú Mỹ...là những gì người ta thường nói về ông.\r\n\r\n Vậy đằng sau những thành công đó là gì? Con đường đi đến thành công của ông như thế nào? Ngay bây giờ chúng ta sẽ được biết về câu chuyện \"cuộc đời của Jack Canfield\"... Con người ta sống trên đời đều giống nhau về hai điểm đó là điểm xuất phát-khi sinh ra và đích cuối cùng-khi chết đi, sự khác nhau chính là ở con đường mà mỗi người đã đi qua. Jack Canfield có một xuất phát điểm không cao hơn những người khác nhưng ông lại thành công hơn những gì người ta có thể hình dung','2013-05-22 02:13:51'),(12,'D.D. Watkins','d-d-watkin','D.D. Watkins luôn tin rằng mọi thứ đều có thể. Bà là một người mẹ chu đáo, một doanh nhân thành đạt và một người nghệ sĩ. Bà luôn thừa nhận mình phát triển nhờ những thử thách, những nguồn cảm hứng và sự phát triển cá nhân. Trong nhiều năm liền, bà đã thiết kế và tạo ra nghệ thuật lắp đặt trên khắp thế giới này. Nhiệm vụ gần đây nhất của bà là những dự án thiết kế kiến trúc, thiết kế không gian nội thất và thiết kế đồ họa. Là một người rất yêu ngôn từ, sự thông thái, những cuốn sách và Cái Đẹp, bà đang khám phá lĩnh vực viết sách và những bức tranh vẽ ngoài trời. Bà đã quyết định chọn Santa Barbara, California làm nơi cư trú.','2013-05-22 02:14:26'),(13,'Dan Senor','dan-senor','Dan Senor là trợ giảng cao cấp cho các nghiên cứu về Trung Đông trong Hội Đồng Quan hệ đối ngoại, tập trung vào các chính sách, chính trị và kinh doanh ở khu vực. Ông từng phục vụ tại Iraq, là cố vấn chính sách cấp cao nước ngoài của chính phủ Mỹ và được trao Huân chương dân sự cao nhất của Lầu Năm Góc. Dan Senor cũng đầu tư vào các công ty khởi nghiệp của Israel và Mỹ và ngày nay là quỹ đầu tư toàn cầu ở New York. Các bài phân tích của ông cũng thường xuyên xuất hiện trên các tờ báo New York Times, Washington Post và Times.\r\n Saul Singer là phóng viên, tác giả người Mỹ gốc Israel, trước đây là biên tập viên của tờ The Jerusalem Post.','2013-05-22 03:30:28'),(14,'Saul Singer','saul-singer','Saul Singer là phóng viên, tác giả người Mỹ gốc Israel, trước đây là biên tập viên của tờ The Jerusalem Post.','2013-05-22 03:31:11'),(15,'Huyền Chip','huyen-chip','Huyền Chip tên thật là Nguyễn Thị Khánh Huyền, cô gái quyết định đi làm ngay khi tốt nghiệp lớp chuyên Toán, khối THPT chuyên ĐH Khoa học Tự nhiên, ĐH Quốc gia Hà Nội. Huyền Chip còn là người khởi xướng chiến dịch Free Hugs ở Việt Nam vào năm 2007.\r\n\r\nSau đó, ngày 13/5/2010, Huyền Chip đã thực hiện chuyến độc hành xuyên lục địa. Hai mươi tuổi, Huyền Chip đã du lịch qua 25 nước thuộc nhiều châu lục khác nhau trên thế giới với 700 USD trong túi.\r\n\r\nChặng đường thì dài, nhưng đôi chân vẫn chưa hề mỏi mệt Huyền Chip có lần tâm sự: “Nhìn thấy nhiều hơn sẽ hiểu hơn, sẽ đánh giá ít đi, dễ dàng chấp nhận sự khác biệt”.','2013-05-22 03:37:39'),(16,'Inamori Kazuo','inamori-kazuo','Inamori Kazuo một doanh nhân hết sức thành đạt trong việc sáng lập và điều hành tập đoàn Kyocera lớn mạnh của Nhật Bản.\r\n\r\nÔng tốt nghiệp đại học Kagoshima năm 1955 rồi thành lập công ty Kyocera năm 1959 mà ngày nay đã phát triển thành một hãng công nghệ cao đa quốc gia có hơn 66 000 nhân viên, sản xuất nhiều dòng sản phẩm từ điện thoại di động, thiết bị văn phòng đến thiết bị năng lượng mặt trời, linh kiện gốm kỹ thuật cao.\r\n\r\nNăm 1984 ông lập công ty DDI mà ngày nay là hãng viễn thông KDDI lớn thứ hai Nhật Bản sau công ty NTT Docomo.\r\n\r\nÔng dùng tài sản riêng lập Quỹ Inamori vào năm 1984, tổ chức trao Giải Kyoto hàng năm theo mô hình Giải Nobel cho các nhà nghiên cứu có công trình tiêu biểu trong các lĩnh vực công nghệ cao, khoa học cơ bản, nghệ thuật và triết học.\r\n\r\nSau khi thôi giữ chức chủ tịch hãng Kyocera ông quyết định trở thành nhà sư đạo Phật với pháp danh Đại Hòa. Trước đó tư tưởng nhà Phật có ảnh hưởng rất lớn đến ông khi điều hành công việc kinh doanh của hãng Kyocera. Ông luôn hướng đến việc cống hiến giá trị vật chất và tinh thần cho cuộc sống hạnh phúc của con người, của toàn xã hội. Ông Inamori đã được một số trường đại học Nhật Bản, Hoa Kỳ, Anh Quốc trao bằng tiến sĩ danh dự cho các cống hiến của mình trong lĩnh vực kinh doanh cũng như hoạt động xã hội.','2013-05-22 04:13:15'),(17,'Walter Isaacson','walter-isaacson','Walter Isaacson, sinh năm 1952, CEO của Aspen Institute, là chủ tịch của CNN và quản lí biên tập cho tạp chí Time. Ông là tác giả của Benjamin Franklin: An American Life and of Kissinger: A Biography và đồng tác giả của The Wise Men: Six Friends and the World They Made. Ông sống ở Washington DC với vợ và con gái','2013-05-22 04:14:04'),(18,'Chip Heath','chip-heath','Chip Heath là một giáo sư về tổ chức và hành vi tại Trường đại học Stanford. Ông là đồng tác giả của cuốn sách “Made to Stick: Why Some Ideas Survive and Others Die”, đây là một cuốn sách bán chạy nhất theo New York Times, Wall Street Journal, và BusinessWeek. Chip cũng là một nhà bình luận cho tạp chí Fast Company, và ông đã nói và lấy ý kiến ​​về chuyên mục “Making ideas stick” với các tổ chức như Nike, Uỷ ban bảo tồn thiên nhiên, Microsoft, IDEO, và Hiệp hội tim mạch Mỹ.\r\n','2013-05-22 04:16:27'),(19,'Dan Heath','dan-heath','Đang cập nhật','2013-05-22 04:19:12'),(20,'Joe Vitale','joe-vital','Joe Vitale là Chủ tịch của Hypnotic Marketing, Inc., một công ty tư vấn về marketing. Ông thường được gọi là “Đức Phật của Internet” vì sự pha trộn tài tình giữa tâm linh và hoạt động marketing trên mạng. thông qua cuốn sách này Joe Vitale sẽ chỉ cho bạn làm thế nào để thu hút điều mình mong muốn chỉ với 5 bước. thoat nghe thì tưởng chừng như ảo tưởng và không thể xảy ra.\r\n\r\nNhưng đúng là như thế. Joe đã khám phá ra con người và vẫn còn những sức mạnh tiềm ẩn va thường bỏ quên chúng hoặc không biết chúng tồn tại. cuộc đời ông là một minh chứng sống động về việc vận dụng 5 bước đơn giản để có được thành công.\r\n\r\nJoe sẽ chia sẻ cho bạn, thông qua thử và sai, làm thế nào mà ông phát hiện ra “công thức 5 bước” đưa ông vượt qua nghèo đói và nất hạnh, thất vọng, đôi khi cả tuyệt vọng để có được một cuộc sống sung túc, hạnh phúc, mãn nguyện và thành công ít ai sánh kịp.','2013-05-22 04:28:20'),(21,'Camilo Cruz','camilo-cruz','Đang cập nhật','2013-05-22 06:01:35');
/*!40000 ALTER TABLE `writers` ENABLE KEYS */;
UNLOCK TABLES;
/*!40103 SET TIME_ZONE=@OLD_TIME_ZONE */;

/*!40101 SET SQL_MODE=@OLD_SQL_MODE */;
/*!40014 SET FOREIGN_KEY_CHECKS=@OLD_FOREIGN_KEY_CHECKS */;
/*!40014 SET UNIQUE_CHECKS=@OLD_UNIQUE_CHECKS */;
/*!40101 SET CHARACTER_SET_CLIENT=@OLD_CHARACTER_SET_CLIENT */;
/*!40101 SET CHARACTER_SET_RESULTS=@OLD_CHARACTER_SET_RESULTS */;
/*!40101 SET COLLATION_CONNECTION=@OLD_COLLATION_CONNECTION */;
/*!40111 SET SQL_NOTES=@OLD_SQL_NOTES */;

-- Dump completed on 2018-12-16 23:55:40
